id,inhabitants,k01_youth_unemployment,k02_single_parent_households,k03_old_age_poverty,k04_children_with_migration_background,k05_inhabitants_with_migration_background,k06_change_proportion_of_foreigner,k07_foreign_transfer_recipients,k08_urban_apartments,k09_simple_residential_area,k10_duration_of_residence_over_5_years,k11_migration_volume,k12_balance_of_migration,k13_balance_of_migration_of_children_below_6
01100101,3419,2.8169,25.61576,9.72603,83.18043,59.9298,-1.30611,8.55365,,0,55.91725,38.36051,0.50707,-4.83009
01100102,1791,0,26.97368,4.58716,88.28452,66.94584,6.16502,3.07868,,0.61418,40.15152,49.55817,5.17884,1.50901
01100103,5211,3.85356,27.27273,20.19651,80.80357,58.35732,0.80354,21.03695,,6.04491,57.48744,29.77873,2.40964,0.29533
01100104,4636,4.375,24.23529,28.3237,79.94859,64.58154,-1.39921,25.29481,,8.23986,59.03233,32.69263,-2.08722,-2.64828
01100205,2573,2.51799,20.20202,4.31655,85.61873,61.91216,3.07515,7.04762,,0,56.43604,42.22104,3.04325,-5.97983
01100206,1803,0,32.29814,2.48963,80.95238,52.46811,-0.35957,5.939,,0,50.78901,34.68697,1.29355,-8.3939
01100207,8312,2.10896,19.93769,4.63619,79.70874,51.62416,0.55354,10.67416,,0,54.20986,30.87049,-0.07675,-4.51997
01100308,6967,0.87527,23.75,3.38462,54.27666,44.16535,0.36373,3.88727,,0.30142,50.51656,37.97037,-0.61408,-11.17374
01100309,12352,1.51659,32.90371,5.65844,52.92339,40.96503,-0.49381,10.523,,0,63.34014,27.40508,-1.5059,-3.79202
01100310,9903,1.97775,28.38196,7.75623,70.23173,48.92457,0.10639,10.85986,,0,57.06911,37.77713,-0.61443,-0.48062
01100311,9013,3.6855,36.4676,3.76656,77.85336,45.86708,3.35281,26.91706,,0,67.17859,24.15417,1.64735,2.01226
01100312,9422,2.16138,22.17742,2.59179,69.43958,44.44916,3.1179,8.54893,,0,54.47236,31.61474,6.83385,12.29195
01100313,10779,1.2285,25.17647,2.46753,62.21889,46.08034,1.18405,9.72607,,0,55.74123,31.952,0.30958,-4.13954
01100414,5178,1.43266,13.9576,6.77291,68.16193,53.82387,-0.90689,6.40274,,0,32.30414,38.10362,0.40868,-1.99913
01100415,12593,1.39535,29.24107,6.86275,47.00438,40.03812,-1.31583,6.68907,,0,61.08329,31.91072,-1.87593,-7.21554
01100416,13443,1.2848,28.3105,5.46164,48.76385,40.41509,-0.75207,5.60563,,0,57.61144,30.30952,-1.72266,-6.31893
01200517,3725,4.94118,31.41892,25.35714,84.4523,57.63758,0.47337,33.95818,,100,56.5648,33.32549,-2.02857,-6.7182
01200518,6866,5.2356,31.62055,23.91681,84.65724,62.8896,0.56191,25.88278,,100,51.221,41.12614,0.8449,-6.03391
01200519,9103,5.14286,31.19658,15.97415,71.16317,53.75151,-0.01479,27.0068,,99.43975,57.2771,33.4158,-1.88901,-10.7226
01200520,9433,4.772,28.51511,16.0221,67.11676,48.0229,-0.11565,23.51553,,100,61.56066,28.7106,-1.31963,-6.24351
01200521,5235,5.19288,28.57143,22.72727,80.81683,58.96848,-1.455,31.20045,,100,59.79526,31.73974,-2.06079,-5.96503
01200522,11333,2.14753,23.66738,7.70823,51.62162,35.60399,-0.38873,15.64327,,1.62358,68.22284,22.33375,-0.54096,-4.15362
01200623,10825,4.88627,23.71245,16.06383,68.50444,50.49423,-0.69871,23.41463,,99.97229,59.26106,30.97687,-1.54846,-4.88519
01200624,5178,3.53635,15.83012,14.12214,84.0796,67.32329,10.20121,9.06667,,55.02124,22.71024,72.65453,42.94276,33.44061
01200625,6976,7.60095,28.35821,19.42517,81.78105,59.76204,0.34467,35.94739,,100,67.36206,24.66955,-0.79376,-5.07249
01200626,5935,2.04082,22.82158,10.06224,58.23755,42.89806,-2.719,12.08244,,0.52233,63.1904,34.76949,-2.54809,-1.30388
01200627,3280,6.98254,30.30303,21.31474,85.71429,64.78659,-0.42013,42.9003,,100,68.09415,19.86441,-1.4092,2.28792
01200628,3132,1.08696,28.31541,14.31818,67.15686,42.40102,0.55738,10.96296,,0,63.68159,27.45932,1.18216,0.35964
01200629,5807,1.19363,24.19825,9.39005,60.11673,47.89048,0.22072,6.79245,,0,60.57437,29.80299,0.3309,-7.02303
01300730,7957,9.67742,32.09877,18.94273,88.7433,71.47166,-1.11616,42.54015,,99.54757,60.92016,34.37878,-2.80231,0.0112
01300731,8545,7.3694,31.71642,18.94094,81.40283,58.26799,-0.7754,41.95594,,100,62.10981,29.15101,-0.88554,-3.41276
01300732,9879,7.16535,32.98775,18.91593,83.85312,62.24314,-0.588,46.05227,,99.95951,63.18699,25.10912,-1.43463,-6.88474
01300733,11665,6.28723,27.86294,14.85909,83.59148,61.92885,-1.06298,39.42999,,99.94856,64.48379,26.20487,-2.14293,-5.043
01300834,14193,7.77526,24.53842,19.62447,86.53074,66.35665,-0.52497,43.70466,,99.23906,67.41996,19.08611,0.38299,1.31068
01300835,10443,3.39233,29.18707,11.37972,83.8659,59.59973,1.54409,29.7193,,100,67.85136,24.37092,1.21098,-0.93432
01300836,14657,6.69272,28.2167,17.94688,86.37048,64.58348,-0.43054,40.42082,,99.31773,60.75977,31.32398,-0.40535,-3.96793
01400937,10804,4.15486,36.58009,12.38318,71.95523,48.24139,0.42415,31.23028,,100,65.53464,23.05196,-0.70666,-6.92151
01400938,9725,6.17284,28.13688,12.4183,75.23001,52.6581,-0.63272,30.21536,,100,61.87756,30.31628,-1.67745,-7.80525
01400939,5926,4.04984,33.7232,7.33591,74.46328,51.90685,0.54369,30.08008,,100,60.10686,28.60245,-0.22753,-6.27419
01400940,6794,5.22388,38.19876,7.33119,62.87367,35.36944,1.03318,35.73635,,50.97145,70.23791,15.53824,-0.05548,-6.58817
01400941,3786,3.30033,29.60289,7.3831,80.40541,44.40042,1.14217,28.14727,,100,66.98009,19.80416,1.41269,-2.62543
01400942,8643,4.00782,30.10432,16.36829,77.08155,53.71977,-0.70223,29.80379,,100,56.65736,36.8815,-0.39376,-3.40269
01401043,7739,6.91164,27.74019,18.54664,87.97277,66.89495,-1.91428,42.20315,,98.84998,64.57995,26.02428,-0.70469,-5.61833
01401044,10224,7.71208,28.5865,18.62528,87.7942,67.4198,-1.17781,38.76418,,100,61.35562,27.22689,-2.4269,-1.64587
01401045,5722,7.94451,28.47458,18.5446,91.00529,72.94652,-0.76064,40.09046,,100,63.49648,30.99812,-1.61581,-4.91307
01401046,8781,4.29104,28.88563,19.06841,70.91562,49.27685,-1.60568,24.10959,,99.69252,55.58479,33.55219,-2.59923,-9.13834
01401047,7867,6.21572,26.75367,18.98239,83.02872,69.51824,-0.09937,25.16417,,100,56.51191,37.30161,-1.34994,-8.19757
01401048,9098,5.56586,26.63989,22.31813,77.30015,58.969,-0.78257,32.53558,,100,62.28794,30.91852,-1.14645,-3.73846
01401049,6689,8.06452,33.03085,22.31687,84.51113,61.20496,-0.47778,43.42789,,100,60.04401,25.60401,-2.63931,-9.47427
02100101,6281,7.17029,23.03665,24.69352,88.921,69.51122,-4.42354,25.84746,,95.58987,57.21218,49.03,-4.59086,-11.75373
02100102,8647,8.55661,25.31357,25.9624,91.86519,71.0998,-0.26037,34.81537,,100,65.44855,27.64063,0.9068,0.78418
02100103,5382,5.60897,26.10229,25.9325,85.04673,63.35935,1.48318,35.27569,,100,66.7583,24.04109,1.23233,-1.43238
02100104,5567,5.63187,29.26421,18.57585,91.74484,69.3192,0.02481,38.8497,,100,71.88389,21.44071,0.06405,-2.42345
02100105,9604,8.4674,29.52102,18.54251,89.67952,71.25156,0.02225,42.59705,,100,76.1633,18.54789,-1.05981,-5.2549
02100106,5009,8.4375,25.20325,26.84887,82.90686,65.34238,-0.7557,45.6241,,100,71.50628,18.75182,-0.69671,-5.58708
02200207,2067,0,13.38912,2.73973,52.21675,40.10643,1.76955,5.12249,,55.73295,19.45607,31.08233,6.27966,-4.08034
02200208,6008,5.34224,28.87701,14.00602,53.40909,44.32423,-0.92453,22.67706,,31.09188,62.74373,32.9718,-1.23282,-6.98636
02200209,10969,3.08057,22.32558,12.60126,51.48515,40.62358,0.02378,15.00982,,2.87173,62.82237,27.64264,-0.96059,-2.42164
02200210,12384,3.35508,28.52081,13.4413,53.30717,43.76615,0.1057,16.87817,,0,63.10283,28.07421,-2.11506,-7.43298
02200211,14760,4.85953,29.87304,13.55082,53.78973,41.84282,-0.86934,14.47044,,0,66.40392,26.9661,-1.4862,-5.30539
02200212,8602,8.62697,30.30303,16.50602,63.99731,50.36038,0.05231,28.23306,,12.70635,69.35998,21.36096,-0.46162,-4.63955
02200213,10284,5.8753,28.46639,16.49387,55.81854,45.57565,0.66244,18.29091,,30.30922,64.04667,27.28836,-1.1548,-6.20713
02300314,7587,7.85536,30.71104,20.98901,73.65989,60.95954,-1.03519,33.65469,,100,73.10174,20.86514,-1.19882,-3.63454
02300315,8723,6.9255,32.14286,21.54964,69.45848,57.76682,0.66672,29.32274,,100,70.2553,24.51244,-1.46597,-4.04452
02300316,4215,5.67164,32.8841,21.68224,63.7138,49.37129,-0.32915,25.80952,,100,68.51852,22.07851,-0.5721,-6.88784
02300417,8433,6.73712,31.27517,18.64198,67.80604,55.09309,-0.64259,24.74708,,100,65.66243,25.86548,-1.03586,-6.38738
02300418,7710,7.29335,31.15502,18.1552,54.7329,48.01556,0.19338,19.52941,,90.85603,66.00327,26.52773,-1.59852,-5.39556
02300419,10903,4.85537,30.19272,15.87983,59.27419,51.27029,-0.11047,20.81505,,100,66.40723,27.60182,-1.6798,-8.8226
02400520,5451,5.91133,41.12903,2.21811,59.52381,31.66391,1.61804,27.61905,,0,71.08434,17.74128,2.33948,15.90702
02400521,7858,1.87075,33.19559,3.86831,50.99099,33.97811,1.77788,18.05979,,0,58.75,28.67604,2.74935,2.57896
02400522,11262,2.60631,28.125,3.12738,41.43713,29.55958,1.64132,13.93678,,0,59.13257,27.45967,0.39525,-7.51978
02400623,13307,3.89105,37.98646,5.79182,68.80978,45.69024,2.35615,21.68706,,0,58.13454,28.15499,0.76919,0.03404
02400624,11314,1.90217,28.82788,3.95623,37.31237,33.43645,4.14118,9.68832,,0,58.52309,36.01674,1.02105,-6.22845
02400625,1136,9.2437,22.35294,22.72727,92.27053,68.83803,1.43353,27.03488,,56.42606,46.75325,42.67447,-1.64036,-18.46591
02500726,9134,2.60163,31.96005,9.26316,43.4158,35.75651,3.00841,14.50617,,0,53.84705,33.07447,-0.82253,-10.26291
02500727,6623,2.95455,28.31424,9.81211,45.1505,36.56953,1.56977,11.69451,,0,50.61433,32.59424,0.8656,-6.98713
02500728,10109,2.27596,30.12161,9.71429,35.13686,33.02008,2.05167,11.58983,,0,55.77773,33.16791,0.9203,-3.63162
02500729,5441,2.657,27.6699,9.7166,39.95772,33.35784,1.20732,13.31029,,0,58.82468,27.89224,-1.3147,-5.82693
02500830,3931,3.57143,30.86053,9.90099,48.12623,38.38718,0.72166,11.21951,,0,54.79268,35.28323,0.50258,-1.23518
02500831,7877,2.86195,32.59362,10.07752,46.23753,37.76819,2.77136,17.98867,,0,52.88049,35.19246,-1.42547,-5.81416
02500832,9064,4.99244,29.55032,10.18868,50.62377,41.01942,3.18036,21.98131,,0,46.75541,37.95295,3.47919,0.41119
02500833,10190,2.09268,29.44039,7.1875,37.8144,37.06575,1.89611,10.25097,,0,51.95248,38.1028,-0.26188,-12.6076
02500834,11378,1.90583,27.44063,7.04545,35.81395,34.84795,2.6296,8.82138,,0,51.51035,34.70772,-0.39395,-5.68163
02500835,7868,2.69841,28.13411,7.31225,45.17073,38.2181,2.72775,11.06403,,15.8363,48.71553,35.89147,0.87201,-6.96325
02500836,4709,0,18.26215,3.88548,30.01912,22.89233,-2.54591,8.31601,,0,55.0384,22.34119,-1.05712,-1.48366
03100101,4499,5.53846,26.45985,2.78207,20.32147,17.2705,1.18516,28,,3.46744,58.66348,34.33324,1.47262,4.4252
03100102,3214,6.28931,33.7963,1.72414,49.54628,27.19353,10.12658,26.44231,,57.00062,52.36167,42.48365,6.9302,3.91321
03100103,8979,5.80076,49.90234,1.72936,29.04348,18.44303,-2.5863,28.5,,46.11872,69.77458,25.05021,-2.58039,-6.91724
03200204,2058,0,29.95169,0,11.34969,6.17104,-9.3136,18.18182,,99.85423,77.87833,28.56963,-4.06763,-7.14143
03200205,8696,1.50463,26.50841,2.34681,22.63294,16.01886,1.82765,12.1813,,37.07452,67.52075,20.67534,1.44457,1.37478
03200206,6404,1.81818,26.30938,2.39234,26.20321,19.39413,0.04051,15.43536,,0,66.67769,18.21939,-0.91955,-1.28007
03200207,11464,1.88088,26.45028,2.30687,26.35284,16.76553,1.16011,28.40801,,23.11584,63.7977,17.75218,-0.07837,0.48086
03200308,5220,1.78571,22.06119,2.74725,16.98113,12.87356,1.09545,8.54093,,9.55939,77.15145,12.73935,0.10603,2.20804
03200309,5238,2.22717,22.38562,2.76855,26.09127,14.853,0.43139,33.33333,,70.90493,70.28169,15.36003,1.91471,6.9629
03200310,7961,1.60819,25.72534,2.79617,25.7719,15.70155,1.5507,25.53191,,0.03768,71.43619,14.95067,-0.75081,0.13894
03300411,11455,2.77264,35.82555,3.38889,30.42122,19.7643,2.11413,42.95506,,0,62.61401,20.93467,-0.32786,-0.28889
03300412,5138,0.77519,16.73469,0.65094,16.14583,9.43947,0.26557,16.24365,,0,78.93989,13.78398,0.75644,7.19765
03300413,3101,0,21.30178,0.61069,15.63574,9.28733,0.5978,12.61261,,0,79.81928,11.75044,-0.20825,4.38419
03300514,6875,0.56818,18.16921,0.38835,17.91045,8.77091,0.76547,20.08032,,6.60364,77.89729,12.75062,1.8444,12.15325
03300515,38,,,,,,,,,,,,,
03300516,7779,2.27596,20.30651,1.87793,34.37026,20.4525,0.67798,28.35539,,0,67.30639,29.70013,0.75081,2.53798
03300517,1120,0,32.55814,0,12.33766,4.28571,-0.16207,0,,0.53571,85.25346,7.90822,1.15811,12.85714
03400618,4742,1.5534,17.7305,1.88934,33.47594,21.06706,0.91594,14.28571,,0.46394,73.44996,16.66135,1.71728,12.23297
03400619,10438,2.17391,28.03235,1.71326,33.39141,19.1416,1.85141,18.37381,,0,67.01518,20.57261,1.80032,3.4391
03400620,3509,0.82192,18.56764,2.82885,29.90937,18.58079,2.29581,13.24921,,11.02878,73.72004,17.86429,2.62119,3.36709
03400721,11438,1.5,27.18866,2.47569,26.68205,20.2483,0.97361,14.09018,,0,65.1566,20.8719,-0.07045,-3.90562
03400722,3607,1.23839,23.34096,2.57069,23.93398,15.83033,0.08563,12.04819,,0,66.67634,18.46549,-0.57685,-3.47922
03400723,7112,2.21465,29.44915,2.574,29.14643,22.80652,1.92951,16.70306,,0,56.60434,25.90749,3.41199,3.19092
03400724,7633,2.51256,38.6918,2.51613,24.09123,13.74296,1.14585,16.16872,,0,70.52529,15.5796,-0.23467,0.43034
03400725,7450,1.45455,35.64477,2.5355,25.35771,13.55705,1.88622,23.78277,,5.66443,65.59898,16.19514,2.05791,5.87196
03400826,6620,1.1976,33.68842,3.17073,29.78903,18.9426,0.88784,17.3445,,0,64.05375,24.03101,-0.03628,2.79339
03400827,9628,2.21566,32.43762,3.12744,29.15864,23.60823,0.73547,9.01024,,0,61.31837,24.78794,0.58955,-5.62353
03400828,4615,1.21581,31.44796,3.20197,31.52174,23.25027,4.40509,6.83995,,0,61.60531,24.54185,6.21531,-3.95397
03400829,5583,1.7316,31.41524,3.1746,27.80639,17.37417,1.83248,15.52347,,0,72.29844,16.44292,0.63348,2.4792
03400830,9292,1.31965,42.36791,3.17003,26.30156,15.78777,1.95915,23.16176,,0,68.14681,19.48994,0.38213,-1.39311
03400831,0,,,,,,,,,,,,,
03500932,5096,2.23881,46.54545,3.00679,27.51938,13.9325,-5.88835,28.60169,,10.89089,68.06879,21.03816,-4.57453,-12.12812
03500933,7551,1.0772,29.80769,2.51076,26.29602,17.24275,1.77094,12.76316,,0,65.71468,20.82254,1.07792,-2.53421
03500934,10049,3.31126,27.61257,4.16198,33.03013,25.95283,2.49809,10.66588,,32.22211,56.2613,27.69453,1.10144,-3.16155
03500935,6407,3.67893,33.09091,7.56303,31.02625,25.40971,1.1257,11.87384,,18.57344,56.39661,28.53877,1.32689,1.75415
03500936,9819,1.97674,33.90491,3.97237,29.21569,20.89826,1.46019,25.44,,0,64.85202,22.18024,-0.15662,-1.14389
03501037,8509,6.90647,42.66338,2.34167,27.44108,19.46175,2.12817,30,,8.48513,63.65323,24.32689,3.14006,6.3236
03501038,7324,2.50896,34.85255,1.63339,25.60266,13.54451,1.2958,30.59581,,0.76461,70.12764,17.42946,0.72506,-3.14124
03601139,3795,3.63036,29.8913,6.11111,48.98711,34.86166,2.31143,16.89189,,0,48.32496,26.34407,1.94785,4.7753
03601140,5884,1.34831,26.48475,6.12903,35.53895,30.67641,1.82338,8.29841,,0,56.76887,31.44447,2.35163,-1.78938
03601141,6576,0,26.01156,6.23782,40.40307,33.39416,1.34008,9.66415,,0,57.34559,30.4279,-0.16381,-6.94421
03601142,10744,1.91083,29.1453,7.31707,40.28777,35.34996,0.83374,6.53876,,0,56.74983,29.73473,-0.945,-7.8249
03601243,7032,2.31092,27.39521,4.44811,36.96099,29.35154,0.07267,5.76631,,0,61.08862,24.70806,-1.50954,-6.76549
03601244,7600,1.42602,35.247,4.46321,36.21518,26.80263,1.59653,5.73833,,0,64.45361,25.09472,-0.26221,-5.16378
03601245,12813,1.8559,38.57008,5.15917,43.75409,26.99602,1.64482,13.19168,,0,61.36791,24.83439,0.1523,-5.80537
03601346,5470,2.23124,33.0303,11.39241,38.78788,33.30896,0.93551,8.98973,,0,63.52624,29.18511,-0.50774,-3.2389
03601347,9548,2.41935,28.89469,11.27596,37.86031,32.82363,1.01463,8.86139,,0,64.54768,23.87134,-2.36507,-11.22562
03601348,7516,0.91575,27.77101,11.32686,37.64893,33.23576,1.21437,7.41858,,0,59.49172,24.82545,-1.45876,-8.71935
03601449,9970,4.06627,49.72452,1.95553,45.04906,19.3681,2.02602,33.95062,,19.75928,72.65463,16.12264,1.61476,1.675
03601450,3965,8.04878,42.85714,2.67315,68.49315,42.1942,-0.81962,56.64914,,100,55.60684,61.44673,-1.94442,1.56124
03601451,6373,1.63551,31.08108,6.84932,36.84771,30.23694,2.31843,9.67251,,0,61.89453,24.81886,-1.42586,-10.66078
03601452,4063,2.54237,40.88542,5.30786,44.63972,32.16835,1.68323,16.83968,,0,59.23814,26.31576,1.9013,1.45545
03601453,2825,0,11.7284,2.69058,32.78689,28.92035,0.76758,1.3986,,0,64.68558,17.31902,1.91989,-1.64474
03701554,11328,0.29821,30,6.77618,44.75962,38.08263,0.59703,6.0713,,0,60.1099,28.2707,0.02866,-5.79742
03701555,7274,0.81301,33.05687,6.05327,38.16199,32.33434,0.11513,5.59779,,0,61.56295,24.47815,-1.6843,-8.24347
03701556,8656,1.1782,23.04833,6.18182,50.11806,39.22135,0.68014,6.44888,,0,57.27974,30.05298,-1.13551,-5.37741
03701657,3188,2.46914,33.01887,6.05042,54.09182,32.62233,1.95115,20.317,,0,66.61184,19.36941,-0.71261,-2.37172
03701658,8448,1.7673,28.4561,5.60976,38.43137,33.06108,1.02066,7.59424,,0,60.78997,29.17348,-1.36226,-5.82883
03701659,9164,1.45889,27.23048,5.65046,42.37187,34.10083,0.61258,7.77834,,0,63.07371,26.19755,-0.77412,-2.84877
03701660,12823,1.27737,28.54534,4.79233,34.88463,28.3475,0.58145,8.84633,,0,62.02719,24.26679,-0.04825,-2.30737
04100101,11548,3.33919,39.00778,10.14015,72.50755,49.57568,1.73747,25.36508,,40.31867,68.2803,24.65595,0.37506,-3.15808
04100102,7855,5.51181,37.98024,14.14634,79.83029,56.02801,1.17119,44.1,,100,75.88863,12.32226,0.09312,0.23228
04200203,1482,0,23.02158,1.34048,38.56502,27.19298,0.2203,6.54206,,0,72.89073,15.96383,0.14248,-3.40909
04200204,2832,2.14286,25.75758,3.15615,64.05229,31.77966,3.33276,11.04869,,0,66.14087,20.67987,1.42972,2.80233
04200205,2569,0,24.88263,2.14395,47.09302,32.26937,1.02116,5.74713,,0,67.0947,22.35067,0.98495,-1.20522
04200206,2963,0,22.59136,1.65394,44.31818,28.34965,0.24317,11.20448,,0,73.35652,15.64274,1.45062,11.3143
04200207,3192,0,19.10569,0.78616,33.40471,38.69048,0.48903,2.71444,,0,66.68812,28.71493,-0.6879,10.55605
04200308,6379,1.45161,21.51639,4.5728,60.28139,37.87427,2.7034,17.71732,,0.39191,59.70858,35.15233,2.56461,10.22079
04200309,6936,1.65017,29.26391,3.63279,43.46793,28.54671,-0.46814,9.12863,,0,67.38351,21.27965,0.25685,-1.62562
04200310,7809,1.78817,22.57552,3.64283,58.95735,37.70009,-1.85693,15.73834,,0,68.04561,23.6794,-1.3114,0.30675
04200311,7218,2.74348,29.3578,7.30563,62.61682,38.9166,-0.53018,16.21622,,0,64.14659,26.01334,-1.29805,-3.18512
04300412,3329,3.35366,30.56995,19.61057,69.9422,55.81256,2.00754,11.33441,,0,46.95217,42.63687,6.71975,2.91971
04300413,10334,2.82075,30.15717,15.58842,63.24683,48.30656,-0.84744,21.23348,,0,73.53121,17.66984,-1.62157,-4.8203
04300414,10786,2.43655,28.14815,9.19378,56.36115,38.96718,-0.53449,11.19334,,0,68.16026,26.10411,-1.10863,-8.25723
04300415,6488,1.10092,26.97769,9.13462,55.26316,38.94883,0.73136,11.40834,,0,69.49721,20.27653,0.23108,-3.86418
04300416,12145,1.44312,30.27344,6.94123,55.54847,41.6303,-0.12357,13.08477,,0,65.73241,28.02175,-0.71609,-6.43851
04300517,9637,1.79171,30.44693,13.94263,70.14388,47.08934,0.98356,16.88043,,14.40282,64.69251,24.68441,0.08951,-6.29582
04300518,5930,3.06859,28.83436,10.64815,70.06536,46.94772,0.57368,19.04762,,39.93255,62.46469,23.98284,-0.06811,-7.49298
04300619,8859,3.25203,29.08012,9.98407,66.44981,45.51304,0.71496,12.27488,,0,65.01879,22.51066,0.17018,-6.59618
04300620,3429,0.8596,28.25279,18.61702,84.65473,59.60922,1.61271,10.68447,,95.33392,55.33657,35.26904,6.42285,3.52376
04300621,10811,3.50877,27.27273,14.59459,68.96302,48.80215,0.81475,18.99254,,0,65.14418,23.60889,-0.15894,-3.91025
04300622,5157,1.50215,27.18894,18.12155,81.52012,57.8631,0.67589,13.48465,,0,59.71574,26.16506,0.74914,-10.49231
04300623,12121,2.74771,26.56904,11.79638,72.62873,54.91296,0.42855,13.54331,,0,63.60906,27.30003,-0.62179,-6.67232
04300624,9538,2.13483,29.15408,7.33122,63.71769,46.27805,0.28787,8.21643,,0,64.5738,26.06151,-0.46525,-4.24154
04400725,110,,,,,,,,,,,,,
04400726,5470,0.64935,26.67946,5.38922,63.35196,42.5777,1.91564,15.01736,,0,63.65542,23.68611,3.6647,10.95391
04400727,8264,1.12835,31.90883,6.3755,64.5774,39.79913,0.81525,10.66584,,0,67.34976,19.07212,0.16363,-3.2754
04400728,3173,1.23967,28.57143,2.4558,59.71074,36.84211,0.30469,3.67505,,0,66.32687,21.37513,2.1647,0.28815
04400729,2796,0,27.84314,1.56425,60.04415,37.58941,0.35826,5.39957,,0,69.20777,20.19296,0.00056,21.59189
04400830,7119,2.18069,25.89532,3.84193,63.93162,39.99157,1.3305,18.49711,,0,57.51846,26.30745,6.20205,7.87114
04400831,1513,0,23.25581,1.27273,52.91262,28.08989,0.02067,0,,0,73.17903,15.61277,0.23605,8.36925
04400832,7023,1.18846,24.54695,4.25738,43.69565,26.74071,1.16889,12.14058,,0,72.20419,18.10469,0.58298,-0.22979
04400833,4178,1.5748,35.09317,9.77496,65.55324,36.6922,1.99161,26.89655,,0,73.58116,16.22557,0.77242,7.00758
04400834,3574,1.41844,24.22145,6.45161,55.84416,32.73643,0.22577,10.86957,,0,73.08477,17.81636,0.15367,1.31111
04400835,10593,0.82474,30.86817,4.21754,44.44444,28.37723,0.2055,8.40678,,0,72.41717,19.12337,-0.60823,-1.13211
04500936,5638,2.39044,27.67857,6.85579,66.57224,45.61901,-1.17927,18.1351,,0,63.89606,25.76503,-0.72107,-2.52438
04500937,7683,1.34003,27.55633,7.16316,63.30598,42.22309,0.6475,7.97903,,0,63.55921,25.35764,1.43167,-2.82392
04500938,7919,1.83206,24.08875,7.1161,70.66277,46.04117,-0.2526,11.43617,,0,63.19545,23.62862,-0.64877,-1.35124
04500939,6496,2.20339,32.46978,8.60215,70.55616,46.04372,1.34117,17.84203,,0,66.9627,22.13368,1.25018,3.24985
04501040,5998,1.1236,29.33619,9.92794,60.58091,44.4148,-0.53231,8.28446,,0,66.13738,22.10855,-0.65911,-3.02419
04501041,5597,2.32558,24.36782,7.41573,65.56391,46.64999,-0.44478,7.62963,,0,63.87396,43.96131,-1.14284,-23.08983
04501042,3581,4.31373,27.23735,9.10308,82.06278,57.33035,-1.55388,18.5,,0,63.86628,30.89987,-1.50239,-2.24371
04501043,11048,2.07373,26.48084,8.45448,69.63534,45.61912,1.23223,10.4448,,0,64.79006,25.08206,1.35999,4.9776
04501044,5283,0.67873,31.60622,6.68584,60.53068,42.74087,0.19318,9.73684,,0,65.96746,22.93405,0.08373,-7.91787
04501045,9334,1.8598,30.83832,7.26282,67.50241,48.28584,0.06366,11.63915,,0,64.81379,27.65437,0.1182,-0.87341
04501146,4715,3.59408,29.73621,8.19672,69.98654,45.76882,1.46568,23.53883,,0,60.3545,33.83765,0.79162,-3.33843
04501147,5625,1.59858,28.34331,9.16581,61.82299,43.36,0.60783,14.75667,,0,65.23669,26.10582,0.3998,-4.92629
04501148,4436,1.90024,31.75853,8.76979,66.40625,44.90532,0.79106,19.77912,,0,67.05938,25.20266,-1.19397,-1.39815
04501149,9834,1.5873,27.64921,6.77672,63.47211,40.56335,-0.23532,13.84471,,0,66.79018,22.99822,-0.18585,-2.15085
04501150,3071,0,22.05882,6.72372,59.1195,38.32628,1.12534,12.66234,,0,67.2379,25.48164,1.30574,-2.83019
04501151,7572,1.69014,28.17919,6.59864,46.66667,33.38616,0.02743,11.18012,,0,70.24317,20.59025,-0.78663,-1.47692
04501152,6913,2.20713,26.31579,6.68657,61.34663,43.61348,0.3273,9.41476,,0,67.10978,24.71942,-0.51015,-9.21538
04501153,7489,1.87861,28.38039,10.7511,66.97674,45.33316,0.49128,17.02611,,0,61.36967,32.06405,1.41889,0.15271
05100101,4079,2.27273,16.09907,3.38983,33.93124,17.92106,1.51372,19.93355,,2.27997,62.6294,20.26254,4.13836,11.07143
05100102,4390,5.26316,44.10112,5.0077,51.17541,24.39636,1.53705,36.51877,,0,68.86028,17.85896,0.21029,-0.62378
05100103,5873,5.39683,25.71429,4.36836,64.78743,46.10931,4.09115,25.70356,,5.41461,35.67197,36.22921,15.54312,19.69044
05100104,4830,2.22717,26.34615,3.3667,65.13453,39.64803,0.29006,29.60688,,0,64.07448,21.00982,2.91147,3.72173
05100105,7608,2.15054,33.95062,3.89064,36.33776,19.87382,0.41459,23.42767,,0,69.00889,17.50193,-0.13831,-2.94243
05100206,3619,7.82609,34.98759,7.53187,68.55422,44.12821,0.25669,42.36686,,95.3302,64.75553,19.93366,2.58939,0.18943
05100207,2314,1.11111,24.63054,0.77519,46.53465,27.2688,-0.89186,7.72727,,99.87035,63.1932,25.68499,9.25856,1.40086
05100208,10703,6.43657,34.26009,6.60264,68.75,44.34271,3.92038,50.38384,,21.38653,66.66337,18.25635,0.63075,6.70756
05100209,11547,7.0523,34.33875,10.36484,72.71517,52.2993,1.42054,42.39431,,99.33316,71.73814,15.39102,-0.18516,-1.09262
05100210,7709,4.75543,45.20368,8.37696,62.27045,37.52757,2.48072,36.54306,,100,65.84401,21.04977,0.065,-4.12118
05100211,6068,3.60825,26.17188,2.52918,59.01826,33.50363,1.53586,31.76734,,22.77521,73.4624,17.45397,0.49128,4.9852
05100312,4025,3.13901,34.91272,10.48513,67.21805,41.01863,3.74299,29.81557,,100,62.67016,26.56481,0.66034,-7.65549
05100313,5756,3.94737,27.47664,5.18962,76.92998,52.10215,2.32581,34.60983,,63.13412,56.14387,20.42883,3.39143,1.89225
05100314,7335,6.17978,31.45478,15.89242,77.33888,58.80027,1.96409,41.23077,,87.75733,56.27718,27.36902,-0.93677,-3.4282
05100315,6753,6.09137,35.88235,10.67853,67.37027,45.03184,2.31516,36.0601,,100,61.45768,25.2717,-1.64326,-1.5215
05100316,10341,4.45633,40.61896,9.31944,58.66983,40.8181,0.28663,33.20665,,51.95822,65.73505,22.47491,-0.21254,-5.96849
05100317,3670,3.71353,28.93258,8.71795,74.51565,47.92916,-0.22741,32.70292,,100,55.53302,33.73266,-0.0368,-5.93743
05200418,3839,0.64795,16.36364,0.68847,41.80967,22.11513,0.97172,6.69456,,99.53113,78.56563,13.00336,0.14551,9.45574
05200419,1694,0,38.58268,2.24299,12.22222,6.25738,0.1689,12,,100,78.34241,12.6594,0.56348,0
05200420,5780,2.71647,19.80583,2.69504,50.8918,31.15917,-1.57492,29.41989,,83.80623,72.68968,20.22485,-0.97317,-1.62707
05200421,4386,1.8711,36.5566,3.46939,41.03165,28.52257,1.32146,31.68317,,70.22344,64.00769,22.04366,-0.1252,-0.50889
05200422,1057,0,25.61983,5.98291,33.18584,19.67833,-1.22482,58.13953,,81.36235,57.08543,30.39718,11.24538,-1.62679
05200423,6606,4.70383,43.88186,5.9062,55.77889,33.33333,3.70754,41.86456,,100,70.00963,16.57353,1.00142,8.82582
05200524,3367,0.7109,16.3017,1.16959,37.22944,28.77933,2.1402,19.30836,,99.703,68.80075,19.66627,1.63914,-5.58331
05200525,2431,0,16.10487,9.00563,48.23529,25.54504,2.77149,9.23077,,100,64.10923,19.06215,3.32368,4.84642
05200526,5734,9.19355,42.00849,10.27397,76.27974,56.67946,1.16079,52.34962,,100,67.2308,17.41171,-0.14753,-1.87988
05200527,11620,10.26157,38.9029,17.10665,77.76362,61.92771,3.03639,64.791,,100,65.63021,15.654,-1.47141,1.13005
05200528,7019,3.15615,27.21088,4.31555,48.03493,26.45676,2.39491,23.66231,,58.07095,73.13988,14.45699,0.11235,1.6374
05200629,7858,4.1769,32.40469,7.72627,68.4355,39.89565,3.1817,26.62921,,96.71672,59.21527,26.29866,1.91299,-3.18724
05200630,9806,4.47316,33.67117,8.3878,58.15068,36.82439,1.74006,33.78184,,100,62.06381,24.71305,-0.55069,-5.9356
05200631,8462,4.65116,37.83069,8.41874,62.45955,38.12338,2.57345,33.43799,,100,63.59464,23.44323,0.13271,-0.8293
05200632,3739,6.27907,35.59322,11.98225,70.33557,47.20514,1.56659,39.17137,,99.83953,64.6661,22.53917,-0.96731,4.47846
05200633,2003,7.58621,42.85714,3.82848,51.25786,27.45881,1.11523,41.10169,,100,72.74151,13.57941,0.29397,3.3801
05200634,4436,0,23.65931,1.68605,35.42977,16.25338,0.13071,18.91892,,1.53291,73.82004,13.56501,0.89213,1.96078
05300735,1925,3.18725,18.54545,6.83761,74.02597,61.45455,2.52146,23.12139,,100,57.04507,34.75975,19.89815,49.48068
05300736,3667,4.0724,24.44444,6.78392,66.87307,53.66785,1.57537,34.68869,,16.38942,67.16287,16.7754,0.52246,8.33532
05300737,10901,4.83351,39.04856,8.3632,66.85323,43.72076,2.10493,34.57197,,48.79369,68.62046,17.47264,1.04503,-0.86271
05300838,21,,,,,,,,,,,,,
05300839,7660,4.15704,35.36269,8.00882,66.06523,48.95561,3.15893,31.39949,,62.24543,67.26772,22.79958,1.91021,-0.91415
05300840,486,0,,0,64.61538,49.38272,5.27505,19.83471,,100,73.13433,15.6746,-2.66617,-16.4916
05300841,4573,4.86258,28.60465,7.99458,67.90831,46.59961,1.86552,26.08286,,100,58.96194,25.0222,-1.52766,-2.01141
05400942,3642,2.30548,23.76543,1.65593,37.5,20.42834,-6.64303,17.26619,,0,76.74024,22.61221,-3.57477,-2.06775
05400943,10315,0,18.29268,1.1343,29.95988,18.53611,0.20908,8.39695,,0,72.67341,15.57954,1.57119,11.11556
05400944,2198,0,19.19192,3.25203,31.67702,17.06096,1.2668,10.81081,,0,75.73909,12.00897,0.45542,12.32198
05400945,3682,0,21.09589,0,31.38801,15.94242,0.9409,9.95025,,0,73.76447,13.17807,1.38609,7.53931
06100101,6988,0.55944,22.05128,2.79961,44.88273,26.88895,0.08194,8.32342,,0,71.12426,17.15979,0.91232,1.61331
06100102,8808,1.99468,26.65877,5.22713,55.61538,36.4555,0.18641,14.84375,,0,66.75814,21.0401,-0.5546,-4.64657
06100103,6281,1.16667,25.16892,6.11015,47.8308,32.71772,1.15563,11.70569,,0,71.67949,18.40929,-0.61663,-9.60386
06100204,6887,2.38429,32.48811,5.62712,55.2659,35.87919,2.11518,17.2232,,0,71.00045,19.0502,0.15297,-3.49866
06100205,9881,2.11416,28.37696,5.90426,51.36799,33.6808,0.97644,16.21622,,0,66.47109,20.28212,0.04078,0.36265
06100206,7694,1.97869,30.01443,6.14973,46.21005,30.41331,0.89262,18.90304,,0,68.10847,18.82485,0.3238,-4.06261
06100207,8008,2.20386,28.57143,5.85075,54.88127,34.49051,1.654,14.27498,,0,66.18922,21.64014,0.7394,-4.7858
06100208,6824,0.83333,26.19863,8.64198,46.88525,31.46249,0.95473,11.14583,,0,65.80359,20.46731,0.45978,-3.20481
06100209,9339,1.1889,26.27219,6.11907,57.64706,35.73188,1.40294,15.94747,,0,66.12576,20.02169,0.62663,-3.26493
06100210,4868,1.03359,29.89011,6.3253,43.62606,29.21118,0.58858,16.3142,,0,68.13799,18.26903,-0.25335,-2.21666
06200311,4937,0.7177,30.96927,3.85675,41.29834,24.26575,0.61821,15.74642,,0,72.68509,14.77194,-0.50804,-0.19839
06200312,6097,1.3913,20.33272,2.86717,51.32743,31.88453,7.05635,13.93998,,0,64.84026,24.77884,5.40208,13.82425
06200313,7410,2.59516,37.08987,6.60562,53.01556,32.32119,1.20837,21.11693,,0,68.5193,17.62676,0.31914,-3.65905
06200314,7313,3.16456,33.75887,6.5764,50.0466,30.4116,0.69335,23.15996,,0,65.2432,19.16129,0.65681,-1.43904
06200315,5841,2.63692,29.80251,6.55172,50.4712,29.49837,1.82331,18.84615,,0,67.4041,15.49813,0.85547,-2.35353
06200316,5558,3.07692,35.45817,6.57386,53.95859,42.2634,1.41685,17.85714,,27.94171,66.29002,24.39235,1.68483,-0.14908
06200317,6402,1.09489,26.90972,2.90764,30.72805,20.50922,0.74937,13.14741,,16.71353,75.62205,15.79112,0.48414,6.90542
06200418,0,,,,,,,,,,,,,
06200419,4636,4.75162,31.44208,8.70307,71.73913,50.40984,1.2566,20.25431,,86.88525,72.85843,17.804,0.23702,-4.78884
06200420,7055,2.98273,30.78125,5.1091,51.5233,29.01488,0.68034,22.84608,,50.70163,65.26644,20.2513,1.38084,1.93376
06200421,8349,2.17391,30.19391,3.10838,43.28238,26.60199,1.34221,23.24723,,0,67.82457,21.23952,1.70642,4.08613
06200422,7062,0.71327,24.16918,1.71875,33.9779,21.82101,1.42673,17.25,,0,72.22468,20.57822,-0.41993,3.40407
06200423,8627,1.98511,23.89791,2.62618,47.09501,27.19369,1.51852,29.33598,,0,70.61525,14.97915,1.4539,5.85211
06300524,5670,1.77134,28.65731,1.99882,38.85714,24.07407,0.31803,17.04394,,0,72.64973,20.77735,-0.02499,5.18685
06300525,5616,2.55403,38.37638,5.26706,44.07186,24.87536,1.45769,30.72464,,0,67.33668,16.83731,0.08853,-1.87817
06300526,3311,0,26.74095,3.5503,46.64372,32.0447,-0.34679,12.5,,0,69.14124,19.37745,-0.04491,6.20576
06300527,8385,0.68213,30.02681,3.52996,52.33161,28.89684,0.68238,12.99907,,0,66.21924,18.90844,-0.53543,-1.60817
06300528,11050,1.20968,23.44961,1.05468,39.3683,23.38462,0.18372,11.1546,,0,72.20767,15.37408,1.35398,3.87928
06300629,7088,1.36986,25.44,3.07692,41.17032,28.25903,0.14131,11.44641,,0,70.29515,18.41712,-0.00634,-2.83622
06300630,5612,3.39257,25.09225,4.08163,63.78772,39.25517,6.3067,24.13522,,0,63.38767,29.01557,3.80129,11.58808
06300631,3152,0,23.35766,2.71186,43.27354,38.3566,2.10303,4.77897,,3.20431,60.48652,29.14482,0.7995,9.45166
06300632,13747,1.12755,16.81006,2.01613,44.83416,29.07543,-0.29071,14.10564,,0,65.67255,21.59137,0.64807,2.56947
06300633,12046,2.13904,24.43281,2.45081,39.1373,25.52715,0.4037,18.88814,,0,69.56221,16.44541,-0.41373,1.21492
06300634,8511,0,20.87156,2.23848,38.48728,24.25097,0.25692,11.09914,,0,69.89696,16.11309,0.37686,2.13694
06400735,10126,0,19.97951,1.65708,34.4464,22.65455,0.46527,6.79612,,0,70.02764,22.94133,0.16144,-0.4054
06400736,5234,0.75047,25.4386,2.71817,32.26141,21.07375,-3.27938,13.06667,,0,77.17023,19.24196,-2.07468,6.34506
06400737,11498,0.85639,23.17199,2.19298,34.25197,31.50113,2.09862,4.25801,,0,63.41727,29.41393,2.31329,8.55545
06400838,7511,0.41841,20.11252,1.46935,30.58824,18.83904,-0.63285,4.4964,,0,74.56177,15.15712,0.2234,11.9468
06400839,5278,0,24.4,2.37179,41.56142,23.30428,0.30969,7.52033,,0,73.66974,14.80881,0.35912,6.16188
06400840,7266,0,27.61628,2.46562,26.28372,16.85934,0.02563,6.15079,,0,76.17287,13.931,0.1654,1.82018
06400841,5958,0,24.82143,2.4974,42.16216,25.1091,0.22204,10.66879,,0,66.46884,17.9134,1.82501,5.98362
06400842,4810,0,21.21212,2.45399,51.37047,37.58836,-0.1043,3.85852,,0,60.11409,19.76664,1.31796,4.62655
06400843,4902,0.67454,18.93004,1.43426,40.09547,30.62016,-0.28546,1.96078,,0,72.65641,17.4303,-0.61873,5.32753
06400844,7204,0,19.21459,1.18343,49.42529,32.56524,0.18403,7.6077,,0,66.20899,20.93523,1.54513,13.06767
07100101,9808,3.46741,30.15873,12.14789,71.19924,49.01101,-1.60065,17.50412,,0,63.46743,29.01907,-0.22409,-5.54167
07100102,8675,5.94796,25.87209,19.33514,73.65369,51.05476,-0.54279,29.07829,,0,62.18761,33.67129,-0.44133,-5.60016
07100103,7712,4.41527,27.57143,19.27602,81.14618,63.67998,-1.08455,32.72877,,62.04616,68.25698,23.27014,-0.59896,1.49552
07100204,10468,1.28205,27.36052,9.0389,55.19836,40.06496,-0.38559,14.02944,,0,66.40328,25.02072,-1.155,-3.64571
07100205,5257,6.03908,33.07544,25.25126,86.18063,67.90945,-2.96547,35.67901,,78.65703,72.3332,21.27257,-2.94576,-2.17471
07100206,8223,2.22513,27.77778,25.34909,60.05111,49.00888,-0.63167,22.68989,,70.59467,66.97342,25.24909,-0.9012,-2.20495
07200307,10578,1.70455,27.252,6.32133,56.12094,36.2923,0.0191,14.72912,,0,69.36627,20.36495,-0.39316,-1.87591
07200308,10501,4.75687,27.33888,8.21832,66.34921,45.64327,1.57886,26.63888,,2.40929,60.90452,31.38066,0.52615,1.79314
07200409,9460,2.19245,25.03023,14.33692,52.72031,38.8055,-0.8156,13.56757,,3.79493,68.94947,24.54868,-0.57251,-7.03432
07200410,5565,5.64374,25.42694,14.34263,70.41485,54.30368,-1.36038,31.96013,,89.61366,66.90675,27.1731,-0.71313,-5.20592
07200411,2786,3.38346,28.03347,14.45087,59.45946,44.54415,-0.32945,22.63242,,8.36324,65.64371,21.67036,-2.14311,-8.36941
07200412,1094,2.39521,23.42342,12.76596,84.57143,59.87203,2.82807,13.58314,,58.13528,25.95495,113.54524,75.12734,177.12418
07200413,7886,3.04878,29.05501,12.76596,46.3392,35.22698,-0.30597,14.8981,,27.70733,65.93056,24.67821,-1.11848,-7.87472
07200414,3736,1.31926,29.11051,12.66491,54.35169,39.69486,-1.12239,14.68254,,85.17131,62.48942,25.30842,-1.13031,-6.65534
07300515,6860,1.5,23.69942,4.53594,41.94499,25.91837,-0.02939,13.48465,,0,71.36752,19.03136,-1.2064,-1.3981
07300516,8839,0.94229,27.91234,4.59057,40.02987,29.3359,-0.28373,10.05372,,0,69.27796,21.14113,-1.69165,-5.89636
07300517,8767,1.2318,24.03628,4.57173,42.41135,30.15855,1.58204,11.55209,,0,68.35743,26.65024,0.62101,-5.76648
07300618,9371,1.2931,23.9548,4.96375,44.2446,32.47252,-0.05802,13.04975,,0,70.91459,19.55056,-0.5681,1.63403
07300619,12302,3.13757,28.26772,8.98268,63.04668,44.61876,0.3896,25.01022,,0.13006,70.30152,19.95894,-0.75315,-2.30606
07400720,12038,3.12213,34.18414,7.15763,61.79648,41.60159,-0.0834,23.69971,,0.33228,71.43849,18.31684,-0.62764,-4.00767
07400721,5464,1.58983,21.12,7.11297,42.65611,32.21083,-13.92162,19.35484,,0,74.97603,49.01158,-8.2038,-9.82882
07400822,2255,1.79641,36.86869,7.44337,37.11656,22.03991,0.38321,21.80851,,22.57206,61.98347,15.26692,0.8698,5.71788
07400823,9832,3.05085,39.3319,8.05153,61.71548,36.66599,1.38483,28.85866,,2.47152,66.6595,20.7117,1.17613,-1.16916
07400824,7390,2.7972,22.08158,8.08006,59.86509,40.56834,1.33171,23.83059,,3.76184,60.78094,27.99837,-0.70737,-4.42496
07400825,7360,2.63523,32.77075,8.07393,62.16713,42.32337,1.31808,21.88088,,0,66.66189,23.50026,0.25899,-2.03067
07400826,5114,1.39211,31.01852,6.40648,48.03493,28.02112,0.84649,23.46939,,0,72.48363,16.08594,-0.33688,-4.31316
07400927,11104,3.89725,29.0853,6.61323,71.03175,46.07349,2.49007,30.27351,,31.75432,63.96456,29.2247,0.35502,-1.32739
07400928,3980,5.98291,37.13528,19.2399,84.33931,57.1608,0.48964,32.88987,,100,55.99251,30.32567,-2.28062,-11.58422
07501029,8138,3.94558,30.39591,7.54839,65.35304,41.30007,1.04788,32.14286,,30.06881,60.60724,27.48769,1.52248,-2.37057
07501030,8890,4.07609,30.44554,7.55873,72.93065,42.93588,0.52839,29.16433,,36.15298,64.98396,22.56523,0.78106,-0.05533
07501031,9101,2.886,34.34211,5.39278,56.37297,33.90836,0.3141,27.56972,,18.41556,71.78928,17.82987,-0.36642,-3.96535
07501032,5653,4.63458,28.70544,5.17375,56.55836,34.31806,1.16496,32.72506,,36.70617,71.82495,16.07084,-0.04105,0.24165
07501133,8141,3.68957,29.93631,4.58234,71.50586,40.11792,2.91746,28.46633,,93.28092,64.59667,22.66202,1.41468,-1.64627
07501134,10584,2.92208,23.4391,2.83079,53.53788,30.15873,0.24762,31.13497,,3.25964,73.09635,15.9244,0.39396,-1.36164
07501135,2233,1.76211,15.26316,1.12179,40.96774,23.9588,-0.3358,20,,0,77.44917,14.17945,-0.6642,10.10101
07601236,10193,5.84192,28.13397,6.19469,66.61608,42.85294,1.04354,54.55746,,34.67085,67.15291,22.75237,-0.09802,0.81548
07601237,4740,1.3245,19.6468,2.60799,42.02899,25.88608,1.48417,17.68421,,0.99156,73.91687,14.99065,0.57825,0.00951
07601238,2869,4.6595,31.22807,2.1102,71.23552,39.97909,0.89392,38.68132,,97.69955,73.15828,15.20628,0.52528,-2.4869
07601339,5749,2.98507,35.19737,7.83133,60.03937,40.16351,0.98524,41.97689,,8.38407,73.13815,11.21604,-0.33428,0.60119
07601340,6429,5.13245,34.52722,7.85805,61.04015,42.61938,1.7867,38.39458,,4.61969,72.01371,16.23564,0.24769,-0.40851
07601341,2284,4,21.02804,7.85824,54.2522,31.34851,2.34644,34.09742,,90.76182,71.9963,21.59273,-0.21524,4.51389
07601442,10498,2.11132,28.54331,2.09644,40.19548,23.12821,0.72139,27.00508,,17.64146,73.01145,15.83203,0.57449,5.3193
07601443,10895,0.77178,26.81416,3.31029,41.57667,23.13905,0.96323,29.63801,,0.3855,71.43684,14.87443,0.22423,3.92519
07601544,8485,4.8011,30.04808,5.57461,51.86488,30.61874,3.02504,34.0197,,25.6924,62.39911,19.95911,5.56038,16.07623
07601545,8431,6,38.94967,8.66873,64.07879,40.24434,0.95564,59.12807,,75.16309,69.48644,15.64131,-0.59772,-2.00563
07601546,6978,1.31004,21.42857,2.4619,35.50661,20.07739,0.99059,17.36746,,0,76.27907,15.62699,-0.03566,6.12784
07601547,3859,4.18006,25.06596,1.60833,39.73988,22.13009,0.58274,36.67377,,0,65.27208,23.00153,0.967,1.06383
07601548,2964,0,22.01258,0.80925,34.95327,18.92713,1.2811,30.58824,,3.57625,72.41993,16.5655,0.2524,1.11722
08100101,4516,9.14286,32.13296,23.91304,68.80131,56.1116,1.31013,26.69713,,78.49867,61.21409,29.26466,-0.32025,-7.33669
08100102,8218,6.98366,32.14286,24.68619,68.97507,53.32198,0.17536,21.27422,,100,62.0505,29.97513,-2.04771,-6.35008
08100103,7473,9.2,35.33448,24.59016,67.56757,49.9264,-0.26731,22.80316,,100,60.60606,27.71857,-1.90276,-10.29994
08100104,6706,9.57983,32.62032,16.90141,82.09693,57.57531,-0.44705,33.40757,,100,62.58418,26.89448,-1.63013,-9.18892
08100105,5567,9.87306,29.59184,16.86747,92.06511,65.40327,0.26245,36.78392,,100,55.75104,31.533,5.62208,-1.34965
08100206,9668,9.47752,31.49394,22.24771,76.4751,58.67811,-1.16356,25.52624,,100,60.41059,29.25773,-2.1259,-11.95188
08100207,7451,10.86022,31.59898,22.22222,87.39217,67.3064,-0.11763,36.60394,,100,71.51327,18.68236,-0.2749,2.4415
08100208,12288,9.83021,34.50292,20.18265,77.17798,55.48503,0.19125,29.71615,,100,63.54372,27.46674,-0.87782,-8.63807
08100209,8524,9.95169,28.29341,17.07589,83.96887,59.73721,3.39427,36.30158,,100,53.27708,41.32427,2.58255,-2.74547
08100310,7877,5.95041,29.90528,16.96,64.7351,50.52685,0.92827,18.98336,,100,63.69936,25.416,-1.5116,-7.73502
08100311,7342,3.32031,35.2349,16.93038,56.83531,47.49387,-0.10274,16.76163,,100,62.55337,26.57078,-1.13197,-7.65517
08100312,11788,8.75817,33.66733,16.88192,66.62476,51.23855,0.30905,21.82941,,100,63.45295,26.17792,-2.21133,-10.37716
08100313,3868,3.60656,36.08563,12.43942,58.86654,38.00414,0.04997,25.78947,,85.23785,67.53211,19.97038,1.84624,3.84574
08100314,8264,7.22733,26.84049,25.6975,79.93311,61.15682,0.44417,29.60784,,100,62.68506,28.29685,-1.35738,-11.00219
08100415,6530,7.32759,29.77941,17.51701,71.83246,52.43492,-0.9548,24.2016,,96.76876,61.1605,28.18874,-3.46497,-13.19961
08100416,6562,5.46022,31.23939,17.46795,68.00805,52.42304,0.17603,26.02603,,64.43158,60.69708,26.23345,-2.26385,-2.54393
08100417,9919,11.24324,29.44785,17.5,75.35854,54.92489,0.72769,31.69079,,94.9995,58.77854,30.43915,-0.97134,-9.78204
08100418,9588,6.01604,30.49555,16.42085,66.07281,47.72632,-0.16747,25.48878,,100,61.68255,26.83387,-1.17912,-11.4609
08100419,7100,12.5,29.86425,20.16461,87.40269,60.59155,1.15222,47.46137,,100,58.92535,29.59286,-0.86063,-6.78924
08100520,5767,10.253,28.21637,18.62464,91.68399,74.33674,2.21492,45.24657,,100,73.12394,21.97112,-0.80485,-3.98642
08100521,9620,13.08859,30.4308,20.38168,87.85006,65.96674,-1.07081,55.93483,,100,76.736,15.48314,-1.60848,-6.36152
08200622,5608,8.66477,27.80411,9.74729,84.85093,67.86733,0.47167,45.40378,,100,55.92571,30.09119,1.54315,-3.02541
08200623,6064,6.60225,26.50823,10.9972,71.73282,46.00923,-2.07348,28.39161,,100,65.87968,23.30935,-1.99644,-3.18932
08200624,8754,8.47666,36.84864,10.76179,76.62435,46.55015,1.61944,37.19053,,100,69.25204,21.52154,0.35663,-1.39887
08200725,2455,2.26415,16.12903,2.89575,54.54545,32.01629,0.17954,30.24194,,99.8778,74.91568,16.4216,-0.70029,-7.15812
08200726,6271,2.5,27.60252,7.33945,45.61879,28.91086,0.71797,32.27513,,9.07351,70.55462,15.16724,0.47249,1.57915
08200727,7983,3.82775,40.70796,7.3081,53.72984,30.32694,-0.2482,26.04699,,2.53038,73.72339,15.68658,0.65335,-5.10511
08200728,1253,5.74713,30.43478,6.70391,71.34146,33.43974,1.17968,31.48148,,41.81963,73.94191,13.09093,2.43097,-8.73016
08200729,1865,2.05128,19.35484,6.89655,54.64191,36.13941,1.21686,15.42056,,88.68633,67.19101,13.75421,0.46143,5.64963
08200730,3321,2.32558,20.76923,5.8427,54.23341,32.27943,0.38198,25.5814,,65.19121,76.60494,16.07351,0.6938,4.57048
08200831,8320,3.66714,28.51511,4.14878,50.04136,28.11298,1.17786,28.19932,,60.85337,74.60018,15.50643,-0.32694,1.59154
08200832,11578,5.06692,27.82446,3.39037,58.19936,31.33529,-1.39008,40.75366,,76.02349,74.04663,16.42067,-1.45525,0.78367
08200833,8698,5.94262,29.15718,7.73715,73.35812,46.58542,0.62721,35.36842,,99.86204,68.05757,21.75865,-0.74094,1.10299
08300934,12534,8.48533,30.08709,8.71446,82.61641,52.68071,0.86205,40.83922,,69.40322,73.62535,14.87418,0.43706,1.16095
08300935,7303,2.49042,31.44876,5.97458,79.06977,43.73545,1.4123,29.08297,,82.24018,75.31465,14.18975,0.00595,-4.02907
08301036,7190,7.62943,29.13817,8.35565,77.67722,47.60779,0.39434,47.76346,,63.35188,72.09096,12.79427,0.19941,-3.21281
08301037,10564,6.54545,27.67857,8.39416,80.65803,57.88527,2.20443,41.05453,,0,71.40986,15.86219,1.5162,7.64415
08401138,2834,4.58333,33.33333,3.69128,67.72908,33.27452,-0.08386,56.63957,,100,75.51929,10.28303,-0.02606,-5.72421
08401139,4103,2.86533,22.25806,2.9975,66.86391,34.6332,0.67044,24.3762,,79.86839,69.51625,17.25157,0.18218,1.57609
08401140,2661,3.83275,27.00422,3.36134,59.50226,34.94927,2.41681,29.86667,,100,74.32696,18.7147,0.11582,-2.4878
08401241,8264,1.25428,21.71717,1.61527,60.40932,36.35044,1.45767,25.33098,,0,73.14756,17.30966,0.45138,4.87745
08401242,6844,2.07101,21.875,1.7455,46.53099,26.05202,0.86384,21.79487,,17.18293,76.41596,14.53804,0.53577,4.65728
08401243,9997,4.05983,27.91991,4.04996,53.81166,30.06902,2.23171,31.82527,,12.28369,71.93738,15.86843,1.0294,0.424
08401244,7118,1.6692,21.24646,2.14323,43.19868,24.85249,0.33142,19.3159,,40.12363,74.90075,14.59681,0.99487,10.59891
08401245,3776,2.69608,27.23214,3.57675,49.21316,29.95233,1.08739,23.28767,,0,71.33202,16.95198,-0.01236,-2.47374
08401246,7951,3.91414,26.86916,3.20304,43.93103,27.04062,1.47119,34.35504,,61.87901,74.57109,13.63356,0.07548,6.30475
09100101,13167,3.30761,28.18358,6.27981,42.86309,33.18144,0.64479,18.40855,,78.82585,60.477,26.11363,1.90544,1.76715
09100202,4375,1.20846,25.04708,2.78164,26.45963,19.54286,1.32232,16.44444,,0,69.38626,16.52179,0.00097,-4.07196
09100203,6924,3.47648,41.07527,2.1059,38.4844,19.84402,1.93705,23.30654,,0,65.80529,19.61826,0.12914,-6.40292
09100304,11722,2.73292,36.18557,1.81026,28.84078,17.49701,1.58724,20.03469,,0,62.91994,21.21213,1.12473,-2.15967
09100305,4074,5.12821,36.8272,1.82927,27.4,19.7349,2.24484,17.75148,,0,58.17061,26.37923,1.56149,-9.23965
09100306,3098,1.25786,23.97004,1.1236,57.72871,30.69722,7.52946,39.72056,,64.36411,70.88737,25.15947,3.74672,25.83742
09100407,8480,1.66667,36.82759,1.65787,25.47597,12.88915,1.69025,24.67742,,3.77358,70.91447,17.10362,0.52104,-0.12167
09100408,8105,2.82087,36.99095,2.91262,27.5783,15.99013,1.47208,30.90909,,0,63.87325,22.22806,0.48614,-3.80798
09100409,3375,0,21.33995,2.88809,29.5107,20.5037,1.63051,14.45783,,59.05185,75.76037,12.56857,-0.1741,2.97343
09200510,7535,4.28725,37.23118,8.18713,47.69737,32.6211,2.37067,34.35281,,99.96019,48.53107,35.95541,0.67747,-8.97213
09200511,12663,3.5835,37.88952,5.60261,36.4486,23.67527,2.02091,41.16466,,1.5952,58.51208,25.21328,0.36644,-0.93535
09200512,3440,3.9261,42.28188,5.67227,38.40749,26.56977,3.79884,28.31715,,42.67442,47.57548,38.63864,2.70568,4.12393
09200613,9424,3.47744,30.19854,4.17391,45.33333,31.68506,2.16443,27.83641,,13.6354,47.73191,37.84687,2.09037,-3.81959
09200614,3580,3.7037,36.06061,2.87037,18.23417,9.6648,1.57182,33.87097,,42.82123,72.80626,15.7753,0.8786,5.84313
09200715,3059,0.66079,13.93189,1.90476,48.08853,42.13795,-0.55653,10.43203,,97.97319,6.22302,51.1374,3.36134,3.1746
09200716,7669,3.18066,39.57016,2.44253,36.87196,22.3106,2.71421,30.61728,,0,62.17331,25.50296,0.06646,0.66903
09200717,9482,3.56718,33.79679,2.46637,30.30086,18.86733,3.70354,26.75941,,7.96246,62.23979,23.02665,1.74489,-4.68245
09200818,3061,3.38983,36.54971,3.61664,18.50312,11.72819,1.81385,28,,0,65.17205,19.86341,1.74132,0.16388
09200819,8292,5.38012,42.81407,3.60784,35.11307,22.68452,3.09628,34.65347,,68.95803,60.6435,23.84246,2.00187,2.95494
09300920,11751,1.60321,22.79102,0.89962,28.6216,17.22407,1.6824,32.17489,,34.72045,65.92432,19.26221,5.11503,11.76164
09300921,2697,0,15.75342,0.92081,20,11.97627,0.41394,19.17808,,0,71.63202,15.87951,2.50275,-1.12666
09300922,5660,6.65557,49.26686,6.77778,29.99136,18.63958,4.31729,52.89389,,33.88693,70.60254,17.00817,0.1692,10.2208
09300923,8169,4.10798,33.36339,4.46512,31.06588,21.01848,1.22207,48.10952,,0,68.09904,18.95471,-0.45931,4.31007
09301024,2417,2.23464,18.95911,1.2844,20.44444,12.12247,1.77159,15.625,,9.10219,64.06114,16.8144,3.71393,7.55297
09301025,10760,2.49187,27.83603,1.2848,23.36066,14.38662,0.15081,18.91304,,62.63941,73.89613,31.47001,-0.46625,-3.88921
09301126,7217,2.04082,27.24719,1.2926,29.58904,15.61591,0.51458,23.04147,,0,56.80848,26.85567,4.93855,10.04508
09301227,1871,0,20.94241,0.69808,17.74744,10.47568,0.4079,11.11111,,50.77499,73.91061,11.80815,0.84113,1.72414
09301228,2571,1.59574,25.62278,0.99174,19.57041,10.9296,-0.06493,12.90323,,98.40529,72.02136,16.25581,0.05828,1.53533
09401329,10138,2.04082,32.70911,1.59879,14.16455,7.16118,0.73076,28.82353,,8.00947,72.41133,12.574,0.78798,0.12563
09401330,1911,0,20.79208,0.60606,21.67183,10.98901,0.80679,14.89362,,0,67.63897,18.02951,0.00012,4.19978
09401431,5445,2.16718,33.09693,0.85164,19.90881,9.27456,0.3367,31.30841,,0,68.13754,13.79694,1.39459,-0.43398
09401432,1569,3.33333,24.46809,2.53521,29.43038,16.12492,2.24766,39.28571,,0,71.02546,15.2439,0.16046,5.17449
09401433,4368,3.30579,38.34356,1.71958,25.17606,13.62179,-1.81182,23.63636,,0,69.44774,19.92329,-0.10385,-7.20051
09401534,7337,5.12465,39.89247,5.46956,31.22831,20.45795,0.85145,40.12539,,0,58.54191,27.00271,1.5967,0.55285
09401635,6867,0,20.558,0.84541,15.77465,8.752,0.6915,16.20553,,32.6489,75.80475,13.85423,1.03192,6.24625
09501736,4575,5.97484,33.05263,1.19904,20.89552,11.97814,0.71066,40.66265,,3.25683,64.0553,29.19938,-0.50282,0.0094
09501737,14434,1.39442,32.12401,1,15.59117,8.54233,0.23565,21.73145,,0,68.91372,16.55187,1.14471,3.34685
09501838,9856,1.63934,27.16175,1.07362,20.11349,10.36932,0.47691,26.52259,,42.30925,72.75427,18.94674,2.39611,7.6004
09501939,6377,2.57827,27.03102,1.98198,21.9246,16.4811,2.91732,24.33628,,0,54.86192,25.22555,3.3546,-4.48213
09501940,2678,3.37079,36.46209,1.94175,23.74101,16.61688,3.0781,29.33333,,0,59.8572,26.09568,0.55168,-13.51973
09501941,2678,0,23.78641,1.92555,24.75248,12.54668,2.92107,20.94241,,0,64.48964,20.95514,0.20624,-8.01819
09502042,4106,1.18694,22.61905,1.08588,17.01445,10.76473,0.8952,15.50388,,0,65.9815,20.8628,2.2341,0.65512
09502043,9188,1.10063,35.2861,1.13758,18.82248,9.27296,1.41932,19.6347,,0.0653,71.93062,16.29291,1.71158,4.25792
10100101,5709,5.67108,48.66385,11.6622,42.18213,28.02592,1.80488,43.36794,,100,72.26468,16.13914,-0.19655,2.46514
10100102,3317,4.71976,50.13263,10.78838,40.79148,27.49472,2.87434,31.13367,,100,70.83333,19.43827,0.00055,2.89495
10100103,7685,3.89105,39.22518,10.84431,37.42247,26.21991,1.87366,33.11383,,100,68.9395,19.98693,1.68623,0.82943
10100104,7611,3.58796,44.59459,10.86187,43.98364,28.85298,1.7421,36.9164,,100,73.79195,15.69915,-0.3729,-0.77009
10100205,1262,,,,,,,,,,,,,
10100206,10586,5.13834,43.086,5.91447,40.93735,25.83601,1.79885,40.85631,,30.83318,72.78095,15.36181,-0.64732,-1.6257
10100207,8198,4.18848,46.32272,5.39924,26.87075,17.68724,2.1202,37.41093,,23.26177,69.66206,17.15074,0.22058,1.73964
10100208,9163,5.4242,40.18568,3.21821,51.24585,25.37379,2.58463,40.78212,,19.68788,69.00285,16.69318,1.4698,-2.40223
10100209,8153,1.75439,37.7551,3.20342,42.91471,26.29707,-2.6481,29.04984,,15.90825,68.27184,27.69736,-2.59718,-7.27355
10100210,10782,4.37045,35.61116,4.02338,45.58011,26.68336,2.67871,32.80232,,21.54517,74.98544,14.21078,0.81709,4.09824
10100311,2228,4.8913,20.57416,1.72414,41.56977,29.5781,0.59307,20.16349,,100,66.57197,28.49627,0.70288,-7.05252
10100312,14860,4.13355,32.44305,3.70979,50.16062,26.56797,3.46995,26.63502,,3.63392,71.55275,16.95809,2.26828,2.45505
10100313,4793,3.33333,29.25532,2.57235,54.57464,30.23159,1.79601,22.30942,,90.81995,67.58591,23.27668,-0.35399,2.34594
10100314,6309,2.45902,35.12658,2.57171,36.73674,19.48011,2.18147,31.95876,,99.08068,78.05643,12.64057,0.02304,1.17737
10100315,7171,3.15315,39.14141,2.54372,43.58766,26.04937,2.57925,35.70567,,58.13694,74.13869,17.72924,0.85469,1.86455
10100316,3681,3.53982,24.5977,3.04302,24.04288,14.53409,-0.11648,40.93567,,0,57.16773,14.35535,0.55473,-5.46706
10200417,7171,6.07867,44.80078,11.86186,47.56815,33.62153,3.12265,39.55224,,65.33259,67.39261,21.60779,1.66636,-3.12298
10200418,5445,3.9916,50,7.8853,22.14839,12.80073,-1.78114,39.15344,,7.80533,62.8427,22.17538,-1.08105,-10.22024
10200419,3564,3.27869,40.31891,7.8534,52.60805,40.20763,10.97025,20.22822,,39.19753,60.72174,26.7183,1.9331,2.83271
10200420,7159,5.65724,46.94348,7.88127,47.90823,26.66574,3.85769,55.44894,,0,66.56663,16.70561,-0.13713,0.2592
10200421,1716,2.5,27.55102,14.53744,69.85075,49.35897,10.84097,23.52941,,0,57.33496,31.0152,1.60559,-3.13232
10200422,6503,8.53659,44.18052,11.06557,50.26702,37.87483,7.2404,47.72727,,100,58.90026,26.16415,5.89883,7.67572
10200423,5929,6.43777,48.05031,10.20408,38.86329,31.80975,2.72416,30.82353,,0,56.89097,33.27454,2.17511,0.76118
10200524,9975,3.35404,40.39363,2.84238,36.59574,18.78697,3.25918,35.25,,0,65.02023,21.46679,3.94496,9.25183
10200525,5317,5.10397,41.37931,7.25191,39.31145,25.16457,4.84516,49.46004,,0,69.62333,16.09339,-0.38576,3.59989
10200526,6111,4.14747,47.11316,10.91549,46.05835,34.05335,3.61308,32.89106,,87.4325,61.61848,23.25724,-0.50541,-2.94428
10200627,3465,4.44444,49.57265,5.80271,33.20158,20.40404,3.14562,30.76923,,0,68.15422,19.87996,1.28715,4.74903
10200628,6342,5.78512,50.59848,10.48253,33.64929,24.15642,3.74369,47.16599,,2.9486,66.46133,16.54972,-0.62452,-1.72877
10200629,8919,3.21489,40.3734,3.33756,30.32985,16.99742,3.23806,38.20933,,0,69.14072,18.03624,2.91774,5.04634
10200630,6487,3.47395,39.27336,4.07903,26.56422,14.10513,1.40447,38.92944,,0,76.41767,12.69165,0.44413,5.06404
10300731,7805,0,18.7291,0.48403,19.42978,18.38565,0.35036,1.46067,,0,71.92262,19.08022,0.23628,6.474
10300732,6952,5.7903,35.1735,5.25266,40.16468,23.76295,1.58592,28.09573,,22.79919,58.60493,52.80422,4.40602,4.54267
10300733,3938,0,18.88112,0.6795,32.49258,18.33418,-2.57646,18.05556,,0.17776,58.04799,29.17932,7.26924,10.11204
10300734,10260,0,17.30589,0.41736,20.25886,12.07602,0.96905,10.58091,,11.83236,74.5026,14.73223,3.37414,11.42431
10400835,7807,0.91575,27.66497,0.58939,16.52035,9.47867,0.57691,10.69182,,0,78.7371,12.27614,-0.01264,7.04561
10400836,3868,2.47678,22.22222,1.17096,18.84298,11.091,0.21569,27.88845,,0,70.38545,18.05885,-0.59617,-1.51286
10400837,7733,0,19.47712,0.3238,12.90064,7.38394,0.19541,7.78443,,74.5377,80.48092,10.51283,0.78341,9.74422
10400938,9921,0,19.77186,0.78624,15.08079,9.1523,0.17939,7.18391,,62.86665,75.55603,12.32268,1.18547,5.74961
10400939,4457,0.92593,23.07692,0.818,18.95604,11.6446,0.90735,14.12639,,2.06417,68.78407,18.00806,1.85147,7.72943
10400940,5801,0,19.85158,0.56577,12.14953,6.87812,0.96997,23.66864,,22.47888,80.55904,11.3855,0.63213,9.41209
10400941,9578,0,18.33489,0.51125,14.56483,8.70745,0.42759,10.93248,,16.36041,76.30632,11.62521,0.9265,5.31279
11100101,3302,0,22.04473,2.76817,11.78782,8.38886,1.21423,6.33803,,82.91944,76.98837,19.89559,0.88962,7.70993
11100102,2189,4.13534,15.81028,0,50.55147,33.2572,6.67214,47.49104,,99.17771,53.05818,47.92348,17.93049,34.18188
11100203,8986,4.86027,42.88165,8.10811,50.65923,33.11818,3.6276,46.53951,,0,71.50383,16.8179,0.3687,3.90375
11100204,7052,4.46154,38.52868,5.73123,56.8118,33.70675,7.06125,37.18729,,0,71.51006,20.35906,2.25893,8.65332
11100205,6095,3.11284,46.20061,5.57053,45.44618,28.43314,3.53384,45.2381,,0,71.99375,16.78666,-0.08049,-1.50188
11100206,7609,6.5967,46.81769,5.97643,44.48669,29.07084,4.25975,49.35733,,0,63.66328,19.60527,1.50305,4.13204
11100307,11690,6.1651,40.83192,4.16491,55.73141,30.53892,1.86636,41.91675,,0,73.6326,14.71896,0.01263,-0.92765
11100308,9583,5.41436,44.48669,6.70038,48.78967,28.88448,1.80917,48.74251,,1.56527,75.87995,13.79803,-0.81498,-0.84004
11100309,5825,4.13943,34.03442,1.96221,42.08038,21.75107,2.14537,31.02625,,0,68.86044,23.8713,0.31651,-7.72507
11200410,9998,5.29483,28.71708,1.34503,51.01559,30.74615,2.77859,37.24696,,19.54391,60.34631,23.85315,2.29609,3.8514
11200411,6856,2.54669,33.75,2.9697,38.25858,23.5706,1.72581,37.41007,,6.53442,67.182,20.91254,0.87175,-0.78278
11200512,3898,1.85759,27.99145,1.14416,38.64169,21.01077,-0.04132,34.71761,,0,67.02761,20.64956,0.00017,-4.66403
11200513,9897,4.69274,35.72102,3.24963,47.38372,26.82631,2.18016,38.34249,,0,56.79266,32.23034,0.56554,-4.08391
11200514,15296,4.6132,36.57635,2.90055,51.30533,29.38023,3.10009,38.84207,,0.1569,69.82645,18.77311,1.98201,5.78066
11200515,4125,0,13.59649,0.87282,36.3901,20.46061,2.56464,9.17874,,6.86061,64.3449,18.89432,0.3159,-1.49298
11300616,6058,3.66599,43.99225,3.39286,71.08571,36.2826,-0.73242,36.36364,,100,72.18955,20.28047,-1.61566,-10.04389
11300617,4292,3.41297,46.96486,2.42684,53.15488,26.37465,2.74773,28.84956,,100,71.55425,17.60452,-0.67158,-4.34442
11300618,3713,1.93548,43.10345,2.45399,46.12069,27.12093,3.54661,15.6391,,47.40102,67.92614,23.19142,0.53931,-0.34999
11300619,8422,1.74757,29.74589,2.41187,50.04695,33.49561,2.29211,13.9011,,0,67.13338,30.83836,1.01965,0.74164
11300620,11266,3.54251,33.30267,3.62096,54.19281,33.82745,1.99258,23.49847,,100,66.31421,21.74553,1.61068,0.35789
11300721,5263,2.02312,25.65789,8.39286,67.78761,62.09386,-0.53622,6.99759,,74.84325,36.84211,101.63329,-3.98974,-47.41197
11300722,9901,2.526,32.48988,4.36433,38.56563,24.23998,1.19658,18.20964,,26.06807,60.46887,23.04391,0.87515,-0.97741
11300723,2413,1.57303,12.31527,4.22535,48.64865,66.84625,-5.71602,9.13075,,0,38.043,86.39224,-8.15874,-20.21105
11300724,3989,3.85675,46.07046,4.46097,41.08216,25.26949,2.45745,20.21605,,43.89571,62.76151,27.17352,1.34104,-16.1859
11300725,9837,2.8607,34.0824,4.53074,30.93168,21.7851,2.50473,27.07263,,1.65701,54.42073,30.01636,6.20977,2.9221
11300826,9956,2.5544,34.00447,4.3579,61.0998,37.7963,1.5312,26.0453,,92.49699,68.58887,20.38304,-0.64275,2.98368
11400927,4218,1.6,27.0318,14.61538,25.23041,24.72736,1.3136,9.62406,,0,57.71004,24.5613,-1.13672,-2.35664
11400928,2359,2.57732,26.21723,5.8296,35.43689,31.0301,4.50251,12.05534,,0.25435,49.72678,34.28942,7.87442,10.60606
11400929,16111,2.55795,35.68075,5.78125,35.6213,25.64707,2.02846,23.28671,,0,56.187,27.06621,-1.0387,-7.54891
11400930,4615,1.42045,32.97872,5.7554,28.8,16.68472,2.05174,11.46341,,0,60.10505,25.95856,2.76523,-2.03829
11400931,6764,2.63591,33.58548,5.78512,42.15592,26.19752,1.32116,29.80857,,15.70077,66.35137,24.85105,0.21041,-3.90278
11401032,5824,4.16667,30.8642,4.00628,66.96296,36.62431,2.13904,32.53652,,82.10852,54.68332,35.26458,3.17398,-5.04386
11401033,6756,4.31894,29.81771,4.00641,57.67155,37.09295,2.54047,30.0207,,98.65305,61.62514,20.33425,0.72146,-1.07155
11401034,3195,2.00669,33.68421,5.29801,52.86624,31.14241,4.08423,29.92248,,0,58.57754,28.02387,4.50283,1.04712
11401135,10139,4.30939,33.80282,2.74743,57.79468,29.71693,5.97196,42.37875,,0,66.24237,21.21021,5.79163,13.21795
11401136,8155,0.92227,41.59836,2.74194,28.48837,23.15144,3.46311,11.41791,,0,63.19929,24.19054,1.88796,1.20084
11401137,8708,2.99625,33.76777,2.71473,57.89096,32.96968,2.62091,36.48247,,0,69.12565,17.46043,1.78167,4.80269
11501238,4244,2.05882,18.79815,2.24719,29.49907,22.6673,0.90982,36.48148,,0.14138,60.33592,18.92235,-0.96655,-6.10394
11501339,10346,0.61038,29.16667,2.70916,23.60965,22.66576,2.1015,9.26738,,0,54.78723,30.60527,2.12571,2.64906
11501340,10640,1.50754,24.03698,1.2931,19.16462,13.25188,0.51722,18.56287,,0,64.75165,18.32594,0.48832,2.14895
11501341,7252,0.93604,20.76396,1.99161,17.98817,15.00276,1.71303,6.23886,,0,70.39837,22.99647,1.49763,1.06121
12100101,10985,4.06091,32.9806,10.38287,78.62557,55.01138,1.80723,31.65741,,100,61.76442,25.31761,-0.3143,-6.74133
12100102,9986,5.15021,30.66406,7.90051,74.94444,50.32045,2.92999,36.2895,,100,64.20863,24.33052,0.4716,-3.32742
12100103,7702,3.89937,37.10879,11.66913,71.16858,44.74163,1.97662,30.50383,,100,65.08327,21.92381,-0.22559,-4.29864
12100204,8869,3.20366,35.22013,6.0307,77.35011,47.22066,2.38166,29.41716,,99.8647,64.30948,24.5947,1.51542,-1.14431
12100205,14057,3.74435,35.67119,8.19352,68.89995,46.38259,2.87503,26.22248,,99.87195,62.82715,26.74638,1.28154,0.3445
12100206,4661,4.8913,35.06173,5.08982,54.40932,32.50375,1.81701,23.28767,,56.55439,68.36504,20.07022,0.19504,-7.13214
12200307,2753,3.27869,35.12397,5.47667,65.59406,39.92009,2.13001,32.21374,,100,64.96018,25.44034,0.23646,-3.32692
12200308,5667,2.69231,29.28416,4.7488,74.64424,43.12687,1.89896,31.74468,,77.92483,69.36788,19.45525,0.11489,-0.61923
12200309,10629,4.23529,34.19227,9.17816,80.73951,53.5516,2.66539,38.3248,,100,63.02363,30.96472,0.45265,-3.45514
12200310,8270,5.87084,34.77273,13.22115,80.96906,60.33857,2.72923,43.80578,,100,63.67961,27.15264,0.04437,-1.54898
12200411,393,0,,0,95.2381,72.26463,3.18314,24.29379,,100,64.72149,49.37945,4.30826,-8.99471
12200412,6355,2.06897,22.8164,2.44287,51.59959,35.35799,1.77729,20.58304,,4.48466,63.6889,31.40641,2.36261,8.87993
12200413,8091,4.33168,38.64734,8.73288,62.0384,41.14448,1.75537,42.34568,,0,69.16351,16.34566,-0.18446,-1.6773
12200414,1428,0,19.32773,2.62391,55.89744,25.56022,1.10118,27.38095,,97.26891,71.81355,14.20711,0.34117,6.73559
12200515,10959,2.20493,27.62692,3.36289,44.55598,24.24491,1.54255,20.93541,,0,63.80707,20.83287,1.45692,-3.87522
12400616,6011,0,24.31942,0.94655,27.41433,14.20729,0.49578,16.56051,,0,75.26325,12.88432,0.21674,0.05246
12400617,6871,0,18.54015,1.41304,25.24444,14.4666,0.11551,7.32484,,0,79.96062,11.38777,-0.49672,5.97403
12400618,3764,0,20.59621,1.41414,26.5745,16.09989,0.31717,10.60606,,19.6068,70.50522,18.31687,3.83692,6.75727
12400619,7730,0.65703,19.66292,1.50273,26.11517,14.08797,0.33727,18.87255,,0.19405,76.58432,15.85343,-0.13457,3.63603
12400720,8662,0,18.49642,1.2695,24.70669,13.2302,0.06313,13.12849,,0,76.629,14.57503,0.87605,8.0561
12400721,8027,0.51613,20.0486,1.23077,24.829,14.46369,0.45937,16.6287,,0,76.59492,13.34467,-0.20385,8.48934
12400722,8608,0.41551,20.56304,1.81317,22.23027,14.4052,0.12705,14.79167,,0,74.99095,14.37623,0.00733,11.32747
12400723,8118,0.44183,20.46632,1.82186,31.12128,16.19857,0.96548,15.7424,,0,73.99536,17.16856,1.43066,6.95994
12500824,9665,2.23602,34.13098,3.75465,28.27529,16.24418,0.95329,21.29222,,0,70.93971,14.90428,-0.03062,-2.61155
12500825,6750,2.94118,36.84211,5.17751,48.33333,27.67407,3.13708,25.26132,,100,66.36646,24.53003,0.06686,-4.39167
12500926,5065,2.42291,37.03704,3.25,51.51515,27.6999,2.40944,25.96026,,0,60.03679,21.39107,3.69678,-9.32072
12500927,6434,2.1309,23.26821,2.14413,44.7314,24.52596,1.69622,32.17893,,0.04663,70.09859,18.08389,2.24395,8.15217
12500928,5166,1.69133,24.85323,2.04701,32.05742,19.02826,0.26797,23.5,,0,68.69406,21.89102,1.8832,11.67968
12500929,5160,0,19.61538,2.08655,32.21851,17.13178,0.31864,10.15038,,0.11628,76.76298,11.6291,0.17404,6.8576
12500930,9936,3.54536,33.82749,3.27797,55.5313,33.78623,-0.35048,24.1219,,0,66.48121,90.37693,-0.58291,-4.43256
12601031,3310,1.06383,24.89083,2.27488,52.12766,29.93958,0.86549,30.27027,,85.58912,75.62735,15.02965,0.11399,5.3079
12601032,5922,3.70861,32.77545,11.95542,70.64579,49.94934,1.4779,56.02716,,99.74671,65.4456,16.2409,-0.45131,-1.63998
12601133,11610,5.26706,35.22013,10.0797,74.36798,52.69595,0.96936,43.32068,,100,71.70332,13.31005,-0.26033,-0.6425
12601134,14722,4.91614,33.68552,5.82121,69.55583,45.64597,2.673,41.72753,,74.01168,70.65233,13.97392,1.03679,2.89128
12601235,10656,4.65435,31.68539,7.81065,78.8671,57.77965,1.96722,46.86587,,84.03716,72.83358,14.92821,-0.07559,1.54596
12601236,3131,1.45773,19.63636,2.69006,69.95885,42.82977,-0.11615,18.38843,,8.14436,73.85795,16.08372,0.54215,-0.57566
