id,inhabitants,z_s1_percentage_unemployed,z_s2_percentage_long_term_unemployed,z_s3_percentage_transfer_payments_recipients,z_s4_percentage_transfer_payments_recipients_below_15_years,z_d1_percentage_unemployed,z_d2_percentage_long_term_unemployed,z_d3_percentage_transfer_payments_recipients,z_d4_percentage_transfer_payments_recipients_below_15_years
01100101,3419,-0.25328,,-0.40645,-0.30877,-0.9685,-0.3277,mittel,0.40965
01100102,1791,-1.29522,,-1.05422,-0.97314,-3.32258,-1.12421,hoch,-0.91511
01100103,5211,0.11681,,0.65135,0.48583,1.25399,0.42429,mittel,-0.16493
01100104,4636,0.41083,,1.00289,0.92465,2.33837,0.7912,mittel,0.17591
01100205,2573,-0.70959,,-0.64798,-0.28715,-1.64472,-0.5565,mittel,-0.62912
01100206,1803,-0.95636,,-0.84575,-0.69874,-2.50085,-0.84618,mittel,-0.55559
01100207,8312,-0.74874,,-0.60472,-0.33897,-1.69243,-0.57264,mittel,-0.37575
01100308,6967,-1.22114,,-1.17432,-1.19021,-3.58567,-1.21323,hoch,-0.72253
01100309,12352,-0.69206,,-0.64741,-0.70269,-2.04216,-0.69098,mittel,-0.19724
01100310,9903,-0.3723,,-0.37865,-0.24506,-0.99601,-0.33701,mittel,-0.33851
01100311,9013,0.6106,,0.27289,0.85181,1.7353,0.58715,mittel,1.32871
01100312,9422,-0.63975,,-0.77236,-0.63907,-2.05118,-0.69403,mittel,-0.43316
01100313,10779,-0.7174,,-0.65959,-0.49955,-1.87654,-0.63494,mittel,-0.40622
01100414,5178,-1.04738,,-0.94841,-0.90772,-2.90351,-0.98242,mittel,-0.48224
01100415,12593,-0.99189,,-0.91156,-1.04726,-2.95071,-0.99839,mittel,-0.60245
01100416,13443,-0.98149,,-1.03988,-1.1317,-3.15307,-1.06686,hoch,-0.19801
01200517,3725,1.18391,,1.55357,2.05109,4.78857,1.62024,sehr niedrig,0.53442
01200518,6866,1.00205,,1.19512,1.59371,3.79088,1.28267,niedrig,0.69345
01200519,9103,0.91372,,0.76749,1.03943,2.72064,0.92054,mittel,1.22314
01200520,9433,0.38979,,0.37637,0.40321,1.16937,0.39566,mittel,0.56682
01200521,5235,0.90862,,1.37861,1.61271,3.89994,1.31957,niedrig,1.11392
01200522,11333,-0.45135,,-0.47575,-0.65494,-1.58204,-0.53529,mittel,-0.53526
01200623,10825,0.25024,,0.392,0.24767,0.88991,0.30111,mittel,0.67023
01200624,5178,-0.48835,,-0.22209,-0.17035,-0.88079,-0.29802,mittel,-2.8465
01200625,6976,1.5309,,1.59377,1.36704,4.49171,1.5198,sehr niedrig,1.77812
01200626,5935,-0.53219,,-0.36445,-0.47131,-1.36795,-0.46285,mittel,-0.05429
01200627,3280,2.12419,,2.09448,1.30508,5.52375,1.86899,sehr niedrig,3.77947
01200628,3132,-0.67952,,-0.3519,-0.66934,-1.70076,-0.57546,mittel,-1.63844
01200629,5807,-0.79183,,-0.59167,-0.62762,-2.01112,-0.68047,mittel,-0.83267
01300730,7957,2.68434,,2.68179,2.44808,7.81421,2.64398,sehr niedrig,3.24086
01300731,8545,1.92502,,2.17262,2.24823,6.34587,2.14716,sehr niedrig,1.84288
01300732,9879,1.98603,,2.36206,2.22643,6.57452,2.22453,sehr niedrig,1.81631
01300733,11665,1.47128,,1.83194,1.88676,5.18998,1.75606,sehr niedrig,2.01361
01300834,14193,1.86454,,2.3225,1.66733,5.85437,1.98086,sehr niedrig,2.50845
01300835,10443,0.91172,,1.29681,1.2152,3.42373,1.15844,niedrig,1.21853
01300836,14657,1.94007,,2.14416,2.21775,6.30198,2.13231,sehr niedrig,2.1363
01400937,10804,1.05112,,0.9153,1.10239,3.06881,1.03835,niedrig,0.91445
01400938,9725,0.94456,,0.9337,1.30865,3.18691,1.07831,niedrig,1.23293
01400939,5926,1.0469,,0.94242,1.24104,3.23036,1.09301,niedrig,1.3414
01400940,6794,0.99068,,0.79961,1.12884,2.91913,0.9877,mittel,1.37787
01400941,3786,0.70074,,0.43561,1.06918,2.20553,0.74625,mittel,1.2135
01400942,8643,0.74178,,0.88068,1.38956,3.01202,1.01913,niedrig,0.55299
01401043,7739,1.97265,,2.26735,2.14041,6.38041,2.15885,sehr niedrig,1.09073
01401044,10224,1.82446,,2.16665,2.26837,6.25948,2.11793,sehr niedrig,1.86807
01401045,5722,2.01618,,2.32583,2.12531,6.46732,2.18825,sehr niedrig,3.396
01401046,8781,0.70901,,0.57046,0.60978,1.88925,0.63924,mittel,0.50176
01401047,7867,1.01352,,1.1306,1.62996,3.77408,1.27698,niedrig,1.07473
01401048,9098,1.33443,,1.51626,1.64374,4.49443,1.52072,sehr niedrig,0.9123
01401049,6689,2.157,,2.25682,2.4373,6.85112,2.31812,sehr niedrig,1.86246
02100101,6281,1.17402,,1.45021,1.18188,3.80611,1.28782,niedrig,1.37729
02100102,8647,2.06393,,2.32172,1.73508,6.12073,2.07098,sehr niedrig,1.55341
02100103,5382,1.86395,,2.02386,1.57448,5.46229,1.8482,sehr niedrig,1.82914
02100104,5567,2.4023,,2.24055,1.94511,6.58796,2.22907,sehr niedrig,1.2975
02100105,9604,2.70324,,2.66086,2.35959,7.72369,2.61335,sehr niedrig,1.08007
02100106,5009,2.48031,,2.60566,2.23245,7.31842,2.47623,sehr niedrig,2.29511
02200207,2067,-1.34957,,-1.11274,-1.10326,-3.56557,-1.20643,hoch,-1.06929
02200208,6008,0.17796,,0.2072,-0.01118,0.37398,0.12654,mittel,0.03617
02200209,10969,-0.29241,,-0.35782,-0.50582,-1.15605,-0.39116,mittel,-0.31471
02200210,12384,-0.11311,,-0.11198,-0.30707,-0.53216,-0.18006,mittel,0.13497
02200211,14760,-0.12058,,-0.15087,-0.43168,-0.70313,-0.23791,mittel,0.18832
02200212,8602,1.01558,,0.90703,0.62061,2.54322,0.86051,mittel,1.52622
02200213,10284,-0.04645,,0.06901,-0.40616,-0.3836,-0.12979,mittel,-0.01068
02300314,7587,1.78588,,1.51255,1.40447,4.7029,1.59125,sehr niedrig,2.13544
02300315,8723,1.15663,,1.23448,0.76251,3.15362,1.06705,niedrig,1.4935
02300316,4215,0.57223,,0.74402,0.44555,1.7618,0.59612,mittel,-0.14681
02300417,8433,0.91543,,0.82369,0.52231,2.26143,0.76517,mittel,0.93244
02300418,7710,0.58509,,0.35984,-0.04327,0.90166,0.30508,mittel,0.90791
02300419,10903,0.42547,,0.28608,0.0006,0.71215,0.24096,mittel,0.16219
02400520,5451,0.72535,,0.0152,0.52796,1.26851,0.42921,mittel,0.96673
02400521,7858,-0.20482,,-0.30936,-0.1682,-0.68238,-0.23089,mittel,0.46066
02400522,11262,-0.56844,,-0.61716,-0.68055,-1.86615,-0.63142,mittel,-0.47673
02400623,13307,0.27522,,0.34121,0.76272,1.37915,0.46664,mittel,0.15779
02400624,11314,-0.45501,,-0.71139,-0.81609,-1.98249,-0.67079,mittel,0.09413
02400625,1136,0.35226,,0.95799,1.99057,3.30082,1.11685,niedrig,-0.46207
02500726,9134,-0.08349,,-0.2496,-0.35324,-0.68633,-0.23222,mittel,-0.24911
02500727,6623,-0.39187,,-0.34819,-0.61677,-1.35683,-0.45909,mittel,-0.75452
02500728,10109,-0.21241,,-0.51008,-0.80972,-1.53221,-0.51843,mittel,0.17315
02500729,5441,-0.31135,,-0.47826,-0.73473,-1.52434,-0.51577,mittel,-0.07269
02500830,3931,-0.16314,,-0.44307,-0.78879,-1.395,-0.47201,mittel,-0.3635
02500831,7877,-0.02093,,-0.1508,-0.20369,-0.37542,-0.12703,mittel,0.07022
02500832,9064,0.16431,,0.01621,-0.03682,0.1437,0.04862,mittel,-0.35118
02500833,10190,-0.37962,,-0.54189,-0.44222,-1.36373,-0.46143,mittel,-0.50453
02500834,11378,-0.68948,,-0.73347,-0.91397,-2.33692,-0.79071,mittel,-0.47373
02500835,7868,-0.25623,,-0.40258,-0.33806,-0.99687,-0.3373,mittel,0.05424
02500836,4709,-1.20039,,-1.05126,-1.2399,-3.49155,-1.18139,hoch,-0.95237
03100101,4499,1.00873,,-0.32118,-0.73054,-0.0429900000000001,-0.01455,mittel,1.78136
03100102,3214,0.46005,,-0.03477,0.0276,0.45288,0.15323,mittel,0.96695
03100103,8979,0.96349,,0.47975,0.5036,1.94684,0.65872,mittel,0.59984
03200204,2058,-1.06871,,-1.16581,-1.2189,-3.45342,-1.16848,hoch,-0.66594
03200205,8696,-1.07348,,-0.93071,-1.11141,-3.1156,-1.05418,hoch,-0.70341
03200206,6404,-0.86027,,-0.80185,-1.05128,-2.7134,-0.91809,mittel,-1.16531
03200207,11464,-0.64236,,-0.70872,-0.79224,-2.14332,-0.7252,mittel,-0.38017
03200308,5220,-1.09595,,-1.04259,-1.1843,-3.32284,-1.1243,hoch,-0.57288
03200309,5238,-0.86742,,-0.86886,-0.96442,-2.7007,-0.9138,mittel,-0.57214
03200310,7961,-0.98432,,-0.79242,-0.86236,-2.6391,-0.89295,mittel,-0.52084
03300411,11455,-0.35308,,0.00536,-0.08083,-0.42855,-0.145,mittel,0.15191
03300412,5138,-1.28152,,-1.27675,-1.34536,-3.90363,-1.32082,hoch,-0.73589
03300413,3101,-1.44663,,-1.27011,-1.31156,-4.0283,-1.363,hoch,-1.25722
03300514,6875,-1.31125,,-1.192,-1.23,-3.73325,-1.26317,hoch,-0.9785
03300515,38,,,,,,,,
03300516,7779,-0.61594,,-0.75122,-0.71696,-2.08412,-0.70517,mittel,0.22223
03300517,1120,-1.37713,,-1.35431,-1.22332,-3.95476,-1.33812,hoch,-1.15692
03400618,4742,-1.06925,,-1.08152,-1.19131,-3.34208,-1.13081,hoch,-0.65262
03400619,10438,-0.81187,,-0.90026,-0.86515,-2.57728,-0.87204,mittel,-0.58011
03400620,3509,-1.04247,,-0.96346,-1.31841,-3.32434,-1.12481,hoch,-0.82353
03400721,11438,-0.7098,,-0.76739,-1.02125,-2.49844,-0.84536,mittel,-0.57806
03400722,3607,-1.10785,,-1.05762,-1.20642,-3.37189,-1.1409,hoch,-0.94882
03400723,7112,-0.42349,,-0.66099,-0.77831,-1.86279,-0.63029,mittel,-0.32687
03400724,7633,-0.44945,,-0.50452,-0.54828,-1.50225,-0.50829,mittel,-0.30094
03400725,7450,-0.50888,,-0.58337,-0.55269,-1.64494,-0.55657,mittel,-0.21542
03400826,6620,-0.47953,,-0.63811,-0.7286,-1.84624,-0.62469,mittel,-0.15256
03400827,9628,-0.46393,,-0.71544,-0.83759,-2.01696,-0.68245,mittel,-0.29405
03400828,4615,-0.73295,,-0.8421,-0.94588,-2.52093,-0.85297,mittel,-1.44414
03400829,5583,-0.7214,,-0.63958,-0.66564,-2.02662,-0.68572,mittel,-0.17416
03400830,9292,-0.19915,,-0.37203,-0.34332,-0.9145,-0.30943,mittel,0.0993
03400831,0,,,,,,,,
03500932,5096,0.04422,,-0.29515,-0.21739,-0.46832,-0.15846,mittel,-0.7951
03500933,7551,-0.62768,,-0.62992,-0.81782,-2.07542,-0.70223,mittel,-0.65593
03500934,10049,-0.12947,,-0.6418,-0.8955,-1.66677,-0.56396,mittel,0.46105
03500935,6407,-0.05486,,-0.48884,-0.87693,-1.42063,-0.48068,mittel,-0.79551
03500936,9819,-0.40387,,-0.41908,-0.53926,-1.36221,-0.46091,mittel,-0.6636
03501037,8509,0.53569,,-0.27253,-0.12958,0.13358,0.0452,mittel,0.60465
03501038,7324,-0.54722,,-0.47998,-0.24812,-1.27532,-0.43151,mittel,-0.13512
03601139,3795,-0.11392,,-0.47442,-0.62288,-1.21122,-0.40982,mittel,-0.5085
03601140,5884,-0.60665,,-0.86845,-1.19272,-2.66782,-0.90267,mittel,-0.51171
03601141,6576,-0.63909,,-0.75675,-0.89203,-2.28787,-0.77411,mittel,-0.14262
03601142,10744,-0.68877,,-0.83831,-1.10589,-2.63297,-0.89088,mittel,-0.36834
03601243,7032,-0.85774,,-0.90429,-1.1199,-2.88193,-0.97512,mittel,-0.70543
03601244,7600,-0.83695,,-0.88696,-1.05075,-2.77466,-0.93882,mittel,-0.66551
03601245,12813,-0.19642,,-0.42034,-0.40705,-1.02381,-0.34641,mittel,0.14073
03601346,5470,-0.59576,,-0.60023,-0.88083,-2.07682,-0.7027,mittel,-0.47199
03601347,9548,-0.54331,,-0.65963,-0.98854,-2.19148,-0.7415,mittel,-0.26449
03601348,7516,-0.53512,,-0.81378,-1.12253,-2.47143,-0.83622,mittel,-0.23415
03601449,9970,0.75779,,-0.04896,0.65084,1.35967,0.46005,mittel,0.91826
03601450,3965,2.94136,,1.69059,1.56402,6.19597,2.09644,sehr niedrig,3.91256
03601451,6373,-0.36849,,-0.54311,-0.88372,-1.79532,-0.60746,mittel,-0.2383
03601452,4063,0.16846,,-0.0334,0.0246,0.15966,0.05402,mittel,0.00088
03601453,2825,-1.50506,,-1.35349,-1.43364,-4.29219,-1.45229,hoch,-0.91383
03701554,11328,-0.90986,,-0.87218,-1.08339,-2.86543,-0.96953,mittel,-0.71072
03701555,7274,-0.70196,,-0.94111,-1.16159,-2.80466,-0.94897,mittel,-0.51457
03701556,8656,-1.0178,,-0.93768,-1.09874,-3.05422,-1.03341,hoch,-0.64819
03701657,3188,0.56112,,0.1638,-0.00699,0.71793,0.24292,mittel,0.55022
03701658,8448,-0.75181,,-0.85749,-1.08103,-2.69033,-0.91029,mittel,-0.3665
03701659,9164,-0.76027,,-0.84321,-0.98554,-2.58902,-0.87601,mittel,-0.44155
03701660,12823,-0.8176,,-0.84903,-1.10082,-2.76745,-0.93638,mittel,-0.83124
04100101,11548,0.8689,,0.83401,1.16691,2.86982,0.97102,mittel,-0.3714
04100102,7855,1.98144,,1.86907,1.56739,5.4179,1.83318,sehr niedrig,1.02906
04200203,1482,-1.13971,,-1.267,-1.04225,-3.44896,-1.16698,hoch,-1.17171
04200204,2832,-0.68675,,-0.80977,-0.78918,-2.2857,-0.77338,mittel,-0.49814
04200205,2569,-1.08884,,-1.11989,-1.01331,-3.22204,-1.0902,hoch,-0.81781
04200206,2963,-1.03405,,-1.00923,-1.02281,-3.06609,-1.03743,hoch,-0.59753
04200207,3192,-1.53266,,-1.32663,-1.28389,-4.14318,-1.40187,hoch,-1.2671
04200308,6379,-0.67221,,-0.52854,-0.3021,-1.50285,-0.5085,mittel,-0.14304
04200309,6936,-0.83432,,-0.90767,-0.85992,-2.60191,-0.88037,mittel,-0.87588
04200310,7809,-0.52695,,-0.69451,-0.66837,-1.88983,-0.63943,mittel,0.32645
04200311,7218,-0.11186,,-0.44673,-0.33667,-0.89526,-0.30292,mittel,0.88675
04300412,3329,0.2817,,0.51195,-0.15254,0.64111,0.21692,mittel,-1.35113
04300413,10334,0.07397,,0.29379,0.00457,0.37233,0.12598,mittel,0.07006
04300414,10786,-0.48525,,-0.49369,-0.67099,-1.64993,-0.55826,mittel,-0.56703
04300415,6488,-0.53001,,-0.51726,-0.64695,-1.69422,-0.57325,mittel,-0.86784
04300416,12145,-0.52541,,-0.55646,-0.50786,-1.58973,-0.53789,mittel,0.08359
04300517,9637,0.07786,,0.02469,0.09286,0.19541,0.06612,mittel,-0.44793
04300518,5930,0.02588,,0.05141,0.30624,0.38353,0.12977,mittel,-0.61294
04300619,8859,-0.24652,,-0.19986,-0.15943,-0.60581,-0.20498,mittel,-0.36113
04300620,3429,-0.27394,,-0.11701,-0.02538,-0.41633,-0.14087,mittel,-0.97803
04300621,10811,0.10749,,0.10548,-0.01063,0.20234,0.06846,mittel,0.26611
04300622,5157,-0.14348,,0.16713,0.02501,0.04866,0.01646,mittel,-1.03286
04300623,12121,-0.19916,,-0.18474,-0.18445,-0.56835,-0.1923,mittel,-0.41937
04300624,9538,-0.56882,,-0.69131,-0.60258,-1.86271,-0.63026,mittel,-0.12634
04400725,110,,,,,,,,
04400726,5470,-0.88852,,-0.61315,-0.74423,-2.2459,-0.75991,mittel,-0.32511
04400727,8264,-0.47176,,-0.61979,-0.55936,-1.65091,-0.55859,mittel,-0.24572
04400728,3173,-1.16796,,-1.08471,-1.26015,-3.51282,-1.18858,hoch,-0.86392
04400729,2796,-1.26886,,-1.03799,-1.14359,-3.45044,-1.16748,hoch,-0.8603
04400830,7119,-0.31103,,-0.5844,-0.57911,-1.47454,-0.49892,mittel,-0.29062
04400831,1513,-1.43176,,-1.29136,-1.26159,-3.98471,-1.34825,hoch,-1.13331
04400832,7023,-0.87113,,-0.83502,-0.91257,-2.61872,-0.88606,mittel,-0.52923
04400833,4178,0.44515,,0.32774,0.4173,1.19019,0.40271,mittel,0.51797
04400834,3574,-0.90092,,-0.76038,-0.98061,-2.64191,-0.89391,mittel,-1.23247
04400835,10593,-0.89833,,-0.85228,-0.98748,-2.73809,-0.92645,mittel,-0.8159
04500936,5638,-0.41067,,-0.33995,-0.15153,-0.90215,-0.30525,mittel,-0.53949
04500937,7683,-0.62521,,-0.72107,-0.89648,-2.24276,-0.75885,mittel,-0.30037
04500938,7919,-0.50023,,-0.48849,-0.46022,-1.44894,-0.49026,mittel,-0.26126
04500939,6496,-0.1871,,-0.32917,-0.31557,-0.83184,-0.28146,mittel,-0.74287
04501040,5998,-0.77004,,-0.74692,-1.04885,-2.56581,-0.86816,mittel,-0.22168
04501041,5597,-0.81004,,-0.7631,-0.76518,-2.33832,-0.79118,mittel,-0.57551
04501042,3581,-0.0413,,-0.12229,0.42814,0.26455,0.08951,mittel,1.4185
04501043,11048,-0.62681,,-0.64016,-0.77092,-2.03789,-0.68953,mittel,-0.27124
04501044,5283,-0.55715,,-0.53472,-0.56084,-1.65271,-0.5592,mittel,-1.03046
04501045,9334,-0.47989,,-0.4894,-0.47165,-1.44094,-0.48755,mittel,-0.87386
04501146,4715,0.11157,,-0.00235,0.23667,0.34589,0.11703,mittel,0.67084
04501147,5625,-0.68895,,-0.35727,-0.32848,-1.3747,-0.46514,mittel,-0.64271
04501148,4436,-0.25828,,-0.13171,-0.02926,-0.41925,-0.14186,mittel,-0.2852
04501149,9834,-0.49717,,-0.57751,-0.52276,-1.59744,-0.5405,mittel,-0.31537
04501150,3071,-0.48726,,-0.6459,-0.79418,-1.92734,-0.65213,mittel,-0.66627
04501151,7572,-0.79211,,-0.71835,-0.89413,-2.40459,-0.81361,mittel,-0.69421
04501152,6913,-0.40609,,-0.62127,-0.8757,-1.90306,-0.64391,mittel,-0.5274
04501153,7489,-0.38982,,-0.1466,-0.28817,-0.82459,-0.279,mittel,-0.62704
05100101,4079,-1.10896,,-0.7499,-0.94434,-2.8032,-0.94848,mittel,-0.90595
05100102,4390,0.36835,,0.26957,0.85118,1.4891,0.50385,mittel,-0.18923
05100103,5873,0.51872,,0.56282,0.50138,1.58292,0.53559,mittel,-0.5021
05100104,4830,0.26081,,0.2771,0.31454,0.85245,0.28843,mittel,1.21765
05100105,7608,-0.38039,,-0.37473,-0.31644,-1.07156,-0.36257,mittel,-0.33117
05100206,3619,1.55569,,1.22235,1.1199,3.89794,1.31889,niedrig,1.82622
05100207,2314,-1.32676,,-1.17096,-0.99416,-3.49188,-1.1815,hoch,-1.54294
05100208,10703,1.55435,,1.55013,1.49785,4.60233,1.55722,sehr niedrig,1.01012
05100209,11547,1.54343,,1.69623,1.4431,4.68276,1.58444,sehr niedrig,0.3414
05100210,7709,1.03971,,1.24227,1.30694,3.58892,1.21433,niedrig,-0.43063
05100211,6068,-0.17232,,-0.23651,0.06523,-0.3436,-0.11626,mittel,0.41346
05100312,4025,0.71085,,0.91524,0.87971,2.5058,0.84785,mittel,-0.19509
05100313,5756,1.08521,,1.16323,1.05362,3.30206,1.11727,niedrig,0.34608
05100314,7335,1.88652,,2.03584,1.99697,5.91933,2.00284,sehr niedrig,0.19138
05100315,6753,0.91618,,1.08183,1.13629,3.1343,1.06051,niedrig,-0.01514
05100316,10341,0.8072,,0.97071,1.16944,2.94735,0.99725,mittel,-0.07104
05100317,3670,0.78612,,0.73702,0.64389,2.16703,0.73323,mittel,1.75152
05200418,3839,-1.34139,,-1.27113,-1.24257,-3.85509,-1.30439,hoch,-1.06755
05200419,1694,-0.54754,,-0.76746,-0.90166,-2.21666,-0.75002,mittel,-0.48414
05200420,5780,-0.60045,,-0.56032,-0.40722,-1.56799,-0.53054,mittel,-1.12599
05200421,4386,0.14021,,0.02623,0.11812,0.28456,0.09628,mittel,-0.14523
05200422,1057,-0.67616,,-0.37993,-0.10617,-1.16226,-0.39326,mittel,0.30233
05200423,6606,1.29155,,1.28151,1.44193,4.01499,1.35849,niedrig,-0.20506
05200524,3367,-1.03179,,-0.93479,-0.8824,-2.84898,-0.96397,mittel,-0.65325
05200525,2431,-1.46602,,-0.6829,-1.11936,-3.26828,-1.10584,hoch,-1.13477
05200526,5734,2.6501,,3.11911,2.57151,8.34072,2.82213,sehr niedrig,-0.79438
05200527,11620,3.53422,,3.95244,2.84216,10.32882,3.49481,sehr niedrig,1.00817
05200528,7019,-0.57396,,-0.38139,-0.25879,-1.21414,-0.41081,mittel,-0.81264
05200629,7858,0.36329,,0.30599,0.7064,1.37568,0.46547,mittel,-0.24589
05200630,9806,0.67645,,0.59171,0.82982,2.09798,0.70986,mittel,0.46895
05200631,8462,0.80444,,0.7053,0.89695,2.40669,0.81432,mittel,0.07004
05200632,3739,0.8187,,1.40963,1.37638,3.60471,1.21967,niedrig,-0.67526
05200633,2003,0.85651,,0.3622,0.8479,2.06661,0.69925,mittel,0.73926
05200634,4436,-0.84356,,-1.03052,-0.99003,-2.86411,-0.96909,mittel,-1.21325
05300735,1925,-0.43957,,-0.28036,-0.43721,-1.15714,-0.39152,mittel,2.05132
05300736,3667,0.49206,,1.04734,0.74099,2.28039,0.77158,mittel,-0.01698
05300737,10901,1.1023,,0.95179,1.15773,3.21182,1.08674,niedrig,0.34309
05300838,21,,,,,,,,
05300839,7660,0.49521,,0.67682,0.80351,1.97554,0.66844,mittel,-0.09393
05300840,486,-0.15866,,-0.08907,0.45243,0.2047,0.06926,mittel,0.65178
05300841,4573,0.3616,,0.34232,0.36359,1.06751,0.3612,mittel,0.46947
05400942,3642,-0.93747,,-1.00017,-0.97081,-2.90845,-0.98409,mittel,-1.37163
05400943,10315,-1.42186,,-1.27913,-1.33581,-4.0368,-1.36587,hoch,-1.27781
05400944,2198,-1.46174,,-0.93901,-1.31369,-3.71444,-1.2568,hoch,-1.09233
05400945,3682,-1.23931,,-1.28639,-1.24477,-3.77047,-1.27576,hoch,-0.86492
06100101,6988,-1.13815,,-1.03583,-1.06898,-3.24296,-1.09727,hoch,-1.0107
06100102,8808,-0.6033,,-0.67685,-0.68709,-1.96724,-0.66563,mittel,-0.60685
06100103,6281,-0.80637,,-0.87736,-1.06749,-2.75122,-0.93089,mittel,-0.38004
06100204,6887,-0.31445,,-0.45971,-0.47784,-1.252,-0.42362,mittel,-0.19285
06100205,9881,-0.28286,,-0.48051,-0.41082,-1.17419,-0.39729,mittel,0.01762
06100206,7694,-0.56619,,-0.57891,-0.79622,-1.94132,-0.65686,mittel,-0.39042
06100207,8008,-0.46838,,-0.61321,-0.58003,-1.66162,-0.56222,mittel,-0.76004
06100208,6824,-0.63067,,-0.6486,-0.87458,-2.15385,-0.72877,mittel,-0.77086
06100209,9339,-0.46784,,-0.61411,-0.67896,-1.76091,-0.59581,mittel,-0.02518
06100210,4868,-0.37386,,-0.46032,-0.5782,-1.41238,-0.47789,mittel,-0.30267
06200311,4937,-0.65084,,-0.46687,-0.61999,-1.7377,-0.58796,mittel,-0.73453
06200312,6097,-0.84026,,-0.90364,-0.8771,-2.621,-0.88683,mittel,-0.61616
06200313,7410,0.19345,,-0.11644,-0.01243,0.06458,0.02185,mittel,-0.06177
06200314,7313,-0.09133,,-0.16904,-0.12492,-0.38529,-0.13037,mittel,-0.5616
06200315,5841,-0.01694,,-0.32611,-0.55259,-0.89564,-0.30304,mittel,-0.28618
06200316,5558,0.37863,,0.13528,0.4469,0.96081,0.3251,mittel,0.7796
06200317,6402,-0.92216,,-0.85683,-0.79962,-2.57861,-0.87249,mittel,-0.61049
06200418,0,,,,,,,,
06200419,4636,0.75043,,0.50883,0.67564,1.9349,0.65468,mittel,-0.68987
06200420,7055,-0.16982,,-0.2811,-0.21692,-0.66784,-0.22597,mittel,-0.43954
06200421,8349,-0.54024,,-0.62581,-0.46495,-1.631,-0.55186,mittel,-0.24752
06200422,7062,-0.88819,,-0.98109,-0.839,-2.70828,-0.91636,mittel,-0.37453
06200423,8627,-0.66603,,-0.54067,-0.28555,-1.49225,-0.50491,mittel,-0.69231
06300524,5670,-0.86052,,-0.95767,-0.87132,-2.68951,-0.91001,mittel,-0.11766
06300525,5616,-0.29085,,-0.31761,-0.30023,-0.90869,-0.30746,mittel,-0.18562
06300526,3311,-0.90428,,-0.83481,-0.88584,-2.62493,-0.88816,mittel,-0.44278
06300527,8385,-0.84134,,-0.80849,-0.89204,-2.54187,-0.86006,mittel,-0.24427
06300528,11050,-0.90788,,-1.22507,-1.19907,-3.33202,-1.12741,hoch,-0.09833
06300629,7088,-0.5892,,-0.90136,-0.95992,-2.45048,-0.82913,mittel,0.04149
06300630,5612,-0.04573,,-0.30414,-0.1682,-0.51807,-0.17529,mittel,0.33169
06300631,3152,-1.05428,,-0.98297,-0.9336,-2.97085,-1.0052,hoch,-0.98984
06300632,13747,-0.8909,,-1.1261,-1.21906,-3.23606,-1.09494,hoch,-0.40464
06300633,12046,-0.55094,,-0.86173,-0.77374,-2.18641,-0.73978,mittel,-0.27532
06300634,8511,-1.16313,,-1.13501,-1.15644,-3.45458,-1.16888,hoch,-0.74077
06400735,10126,-1.21518,,-1.22392,-1.23434,-3.67344,-1.24293,hoch,-0.9593
06400736,5234,-1.17595,,-0.93047,-1.08539,-3.19181,-1.07997,hoch,-0.66218
06400737,11498,-1.18951,,-1.13419,-1.23465,-3.55835,-1.20399,hoch,-0.88829
06400838,7511,-1.36332,,-1.3272,-1.36651,-4.05703,-1.37272,hoch,-1.03242
06400839,5278,-1.18026,,-1.07488,-1.14461,-3.39975,-1.15032,hoch,-0.90547
06400840,7266,-1.20065,,-1.1545,-1.22332,-3.57847,-1.2108,hoch,-0.93099
06400841,5958,-0.91441,,-0.98363,-1.01472,-2.91276,-0.98555,mittel,-0.94295
06400842,4810,-1.42252,,-1.24679,-1.24826,-3.91757,-1.32553,hoch,-0.9721
06400843,4902,-1.45011,,-1.34466,-1.41875,-4.21352,-1.42567,hoch,-0.81215
06400844,7204,-1.31656,,-1.25909,-1.20951,-3.78516,-1.28073,hoch,-1.07906
07100101,9808,-0.0766,,0.01753,-0.20083,-0.2599,-0.08794,mittel,-0.07661
07100102,8675,0.57323,,0.8424,0.88974,2.30537,0.78003,mittel,0.91733
07100103,7712,0.88745,,1.55285,1.23151,3.67181,1.24238,niedrig,0.95915
07100204,10468,-0.59008,,-0.3848,-0.53744,-1.51232,-0.5117,mittel,-0.20749
07100205,5257,1.56461,,1.82091,1.23816,4.62368,1.56445,sehr niedrig,1.77877
07100206,8223,0.09819,,0.55574,-0.01218,0.64175,0.21714,mittel,-1.17371
07200307,10578,-0.45744,,-0.47571,-0.65732,-1.59047,-0.53814,mittel,0.15167
07200308,10501,0.25821,,0.2336,0.25331,0.74512,0.25212,mittel,0.60932
07200409,9460,-0.63351,,-0.22395,-0.73376,-1.59122,-0.5384,mittel,-0.94864
07200410,5565,1.02567,,1.19262,1.13973,3.35802,1.13621,niedrig,1.84994
07200411,2786,-0.22158,,0.12091,-0.52442,-0.62509,-0.2115,mittel,-0.13313
07200412,1094,-0.57944,,0.2786,0.52796,0.22712,0.07685,mittel,-2.66774
07200413,7886,-0.53063,,-0.29044,-0.63276,-1.45383,-0.49191,mittel,-0.21238
07200414,3736,-0.51622,,-0.16991,-0.65082,-1.33695,-0.45236,mittel,-0.16989
07300515,6860,-1.03481,,-0.88208,-1.01756,-2.93445,-0.99289,mittel,-0.61827
07300516,8839,-0.99553,,-0.85745,-1.01582,-2.8688,-0.97067,mittel,-0.64778
07300517,8767,-0.99408,,-0.8502,-1.0585,-2.90278,-0.98217,mittel,-0.58086
07300618,9371,-0.83545,,-0.73346,-0.85714,-2.42605,-0.82087,mittel,-0.63919
07300619,12302,-0.1304,,0.25154,0.11152,0.23266,0.07872,mittel,-0.28975
07400720,12038,0.23555,,0.13118,0.19861,0.56534,0.19129,mittel,0.40261
07400721,5464,-0.81044,,-0.31973,-0.62025,-1.75042,-0.59226,mittel,-0.78541
07400822,2255,-0.04874,,0.01755,-0.18367,-0.21486,-0.0727,mittel,-0.62759
07400823,9832,0.08127,,0.40487,0.59127,1.07741,0.36455,mittel,-1.00861
07400824,7390,-0.12895,,0.02135,-0.10058,-0.20818,-0.07044,mittel,0.14327
07400825,7360,0.0065,,0.17373,0.26662,0.44685,0.15119,mittel,-0.08816
07400826,5114,-0.50457,,-0.07008,-0.14036,-0.71501,-0.24193,mittel,-0.85518
07400927,11104,0.45162,,0.49871,0.70023,1.65056,0.55848,mittel,0.12966
07400928,3980,1.47664,,1.78143,2.02286,5.28093,1.78683,sehr niedrig,0.29554
07501029,8138,0.41314,,0.46647,0.68265,1.56226,0.5286,mittel,-0.3129
07501030,8890,0.39733,,0.50001,0.65136,1.5487,0.52401,mittel,-0.54165
07501031,9101,-0.02903,,0.05647,0.12566,0.1531,0.0518,mittel,-0.31052
07501032,5653,0.1431,,0.27714,0.23839,0.65863,0.22285,mittel,-0.24476
07501133,8141,0.54836,,0.2278,0.32975,1.10591,0.37419,mittel,0.39906
07501134,10584,-0.2769,,-0.32403,-0.0534,-0.65433,-0.2214,mittel,0.00793
07501135,2233,-0.91505,,-0.95482,-0.84401,-2.71388,-0.91826,mittel,0.03503
07601236,10193,1.24039,,1.24719,1.43694,3.92452,1.32788,niedrig,1.81793
07601237,4740,-0.9638,,-0.88148,-0.83159,-2.67687,-0.90573,mittel,-0.53854
07601238,2869,0.13059,,0.21074,0.7659,1.10723,0.37464,mittel,0.39588
07601339,5749,1.04505,,0.96732,0.98929,3.00166,1.01563,niedrig,1.33401
07601340,6429,0.59432,,0.97443,1.0294,2.59815,0.8791,mittel,0.70625
07601341,2284,-0.21077,,-0.1756,-0.41975,-0.80612,-0.27276,mittel,-0.5408
07601442,10498,-0.71562,,-0.67633,-0.57262,-1.96457,-0.66472,mittel,-0.7126
07601443,10895,-0.63713,,-0.29915,-0.22275,-1.15903,-0.39216,mittel,-0.35674
07601544,8485,0.45114,,0.29762,0.2008,0.94956,0.32129,mittel,0.05528
07601545,8431,1.49662,,1.95119,1.98422,5.43203,1.83796,sehr niedrig,0.32719
07601546,6978,-1.04991,,-0.91353,-0.97314,-2.93658,-0.99361,mittel,-0.65785
07601547,3859,-0.24264,,-0.16607,0.19438,-0.21433,-0.07252,mittel,-0.06323
07601548,2964,-1.19528,,-0.85677,-0.56008,-2.61213,-0.88383,mittel,-0.9496
08100101,4516,1.42028,,1.17388,0.95332,3.54748,1.20031,niedrig,1.00362
08100102,8218,1.14625,,0.74798,0.79982,2.69405,0.91155,mittel,0.96422
08100103,7473,1.21535,,0.87806,0.91877,3.01218,1.01919,niedrig,0.96248
08100104,6706,2.07283,,1.46076,1.86618,5.39977,1.82704,sehr niedrig,2.32246
08100105,5567,2.29708,,1.91292,2.27366,6.48366,2.19378,sehr niedrig,1.86733
08100206,9668,1.11321,,0.99949,1.11758,3.23028,1.09298,niedrig,0.90909
08100207,7451,2.64126,,2.18125,1.69052,6.51303,2.20372,sehr niedrig,2.99865
08100208,12288,1.62229,,1.19479,1.51565,4.33273,1.466,niedrig,2.05028
08100209,8524,2.28534,,1.78534,1.88441,5.95509,2.01494,sehr niedrig,2.01647
08100310,7877,0.28818,,0.35179,0.25451,0.89448,0.30265,mittel,0.38481
08100311,7342,0.1827,,0.17986,-0.00757,0.35499,0.12011,mittel,0.37358
08100312,11788,0.79058,,0.67765,0.71609,2.18432,0.73908,mittel,0.96847
08100313,3868,1.08992,,0.8067,0.88265,2.77927,0.94038,mittel,1.14847
08100314,8264,1.33675,,1.281,1.6618,4.27955,1.44801,niedrig,1.72263
08100415,6530,0.86455,,0.75144,0.83749,2.45348,0.83015,mittel,1.10876
08100416,6562,1.02149,,0.82644,0.70675,2.55468,0.86439,mittel,1.08312
08100417,9919,1.76388,,1.28864,1.42372,4.47624,1.51456,sehr niedrig,1.88417
08100418,9588,0.92349,,0.66385,0.80531,2.39265,0.80957,mittel,0.79731
08100419,7100,2.9451,,2.53467,2.6291,8.10887,2.74368,sehr niedrig,3.21896
08100520,5767,3.75014,,3.37192,2.58111,9.70317,3.28312,sehr niedrig,4.70505
08100521,9620,4.35589,,3.6283,3.01048,10.99467,3.72011,sehr niedrig,4.17005
08200622,5608,3.0972,,2.41458,2.18284,7.69462,2.60352,sehr niedrig,2.69858
08200623,6064,0.80159,,0.88585,0.67713,2.36457,0.80007,mittel,1.18878
08200624,8754,1.58007,,1.26825,1.46117,4.30949,1.45814,niedrig,1.56421
08200725,2455,-0.12099,,-0.64524,-0.60749,-1.37372,-0.46481,mittel,1.54562
08200726,6271,0.10752,,0.03682,-0.05737,0.08697,0.02943,mittel,0.5878
08200727,7983,0.41755,,0.14774,0.5578,1.12309,0.38,mittel,0.16778
08200728,1253,0.40915,,0.83724,0.81175,2.05814,0.69638,mittel,-0.144
08200729,1865,-0.50284,,-0.74007,-0.93808,-2.18099,-0.73795,mittel,-0.58777
08200730,3321,0.6887,,-0.22388,-0.22041,0.24441,0.0827,mittel,2.63942
08200831,8320,-0.0874,,-0.41869,-0.21527,-0.72136,-0.24408,mittel,0.68832
08200832,11578,0.41781,,0.06462,0.49639,0.97882,0.33119,mittel,1.16832
08200833,8698,1.2474,,0.81658,1.18042,3.2444,1.09776,niedrig,2.10835
08300934,12534,2.01046,,1.4208,1.59485,5.02611,1.70061,sehr niedrig,2.67856
08300935,7303,0.79814,,0.4059,0.97817,2.18221,0.73836,mittel,0.78394
08301036,7190,1.64148,,1.24279,1.23123,4.1155,1.3925,niedrig,1.77912
08301037,10564,2.12585,,1.49582,1.4575,5.07917,1.71857,sehr niedrig,2.95348
08401138,2834,1.31373,,0.90093,1.45789,3.67255,1.24263,niedrig,0.09303
08401139,4103,-0.01774,,-0.38583,-0.06489,-0.46846,-0.15851,mittel,1.26034
08401140,2661,-0.04385,,-0.22065,-0.16004,-0.42454,-0.14365,mittel,0.58506
08401241,8264,-0.65457,,-0.75838,-0.51705,-1.93,-0.65303,mittel,-0.34856
08401242,6844,-0.85155,,-0.83921,-0.53468,-2.22544,-0.75299,mittel,-0.56848
08401243,9997,0.13719,,-0.24393,0.09984,-0.0069,-0.00233,mittel,0.67194
08401244,7118,-0.89371,,-0.93983,-0.80701,-2.64055,-0.89345,mittel,-0.51625
08401245,3776,-0.58213,,-0.25186,-0.22769,-1.06168,-0.35923,mittel,-0.05559
08401246,7951,-0.14695,,-0.21889,0.06457,-0.30127,-0.10194,mittel,0.43771
09100101,13167,-0.0775,,-0.19927,-0.48548,-0.76225,-0.25791,mittel,-0.77079
09100202,4375,-0.66047,,-0.71635,-0.97034,-2.34716,-0.79417,mittel,-0.26488
09100203,6924,0.21458,,-0.2225,0.36559,0.35767,0.12102,mittel,0.3452
09100304,11722,-0.20495,,-0.57632,-0.43356,-1.21483,-0.41104,mittel,0.05259
09100305,4074,0.55368,,-0.37065,-0.49729,-0.31426,-0.10633,mittel,1.33872
09100306,3098,-0.56684,,-0.4803,-0.1234,-1.17054,-0.39606,mittel,1.44464
09100407,8480,-0.3317,,-0.67667,-0.39335,-1.40172,-0.47428,mittel,-0.30831
09100408,8105,-0.30316,,-0.38012,-0.32683,-1.01011,-0.34178,mittel,-0.43406
09100409,3375,-1.19181,,-0.89853,-0.84528,-2.93562,-0.99328,mittel,-1.21823
09200510,7535,1.04,,0.76244,1.07348,2.87592,0.97308,mittel,0.12629
09200511,12663,0.49113,,0.45382,0.45724,1.40219,0.47444,mittel,0.2839
09200512,3440,0.82012,,0.13736,0.36912,1.3266,0.44886,mittel,-0.55691
09200613,9424,0.11942,,0.07064,0.30723,0.49729,0.16826,mittel,-0.58948
09200614,3580,-0.18342,,-0.44969,-0.0857,-0.71881,-0.24321,mittel,-0.53203
09200715,3059,-1.14619,,-0.84575,-0.57923,-2.57117,-0.86997,mittel,-0.47206
09200716,7669,0.05154,,-0.22732,-0.03842,-0.2142,-0.07248,mittel,0.06627
09200717,9482,0.08277,,-0.28815,-0.04271,-0.24809,-0.08394,mittel,0.4186
09200818,3061,-0.07355,,-0.37045,-0.54325,-0.98725,-0.33404,mittel,0.32878
09200819,8292,0.59068,,0.67127,0.77381,2.03576,0.68881,mittel,0.06925
09300920,11751,-0.94377,,-0.81935,-0.69072,-2.45384,-0.83027,mittel,-0.44308
09300921,2697,-1.08253,,-1.18719,-1.19075,-3.46047,-1.17087,hoch,-1.24167
09300922,5660,1.79426,,1.62381,1.78708,5.20515,1.76119,sehr niedrig,2.17386
09300923,8169,0.12998,,0.33942,0.31321,0.78261,0.2648,mittel,0.39717
09301024,2417,-1.27841,,-1.17514,-1.26917,-3.72272,-1.2596,hoch,-0.72346
09301025,10760,-0.63333,,-0.83542,-0.72348,-2.19223,-0.74175,mittel,-0.4249
09301126,7217,-0.77656,,-0.96378,-0.90519,-2.64553,-0.89513,mittel,-0.41431
09301227,1871,-1.16917,,-1.32453,-1.35437,-3.84807,-1.30202,hoch,0.17591
09301228,2571,-1.07577,,-1.12022,-1.02192,-3.21791,-1.0888,hoch,-0.09034
09401329,10138,-0.61466,,-0.9133,-0.8934,-2.42136,-0.81928,mittel,-0.11847
09401330,1911,-1.38816,,-1.26992,-1.28456,-3.94264,-1.33401,hoch,-0.80187
09401431,5445,-0.56373,,-0.72573,-0.4063,-1.69576,-0.57377,mittel,-0.34874
09401432,1569,-0.68548,,-0.5344,-0.45772,-1.6776,-0.56763,mittel,-0.734
09401433,4368,0.10574,,-0.27481,0.14715,-0.02192,-0.00742,mittel,-0.53522
09401534,7337,0.39783,,0.46817,0.30845,1.17445,0.39738,mittel,-0.74823
09401635,6867,-1.18296,,-1.2513,-1.24333,-3.67759,-1.24433,hoch,-0.4513
09501736,4575,0.03131,,-0.65053,-0.85129,-1.47051,-0.49756,mittel,-1.49756
09501737,14434,-0.91406,,-1.02451,-1.06334,-3.00191,-1.01571,hoch,-0.50189
09501838,9856,-0.93672,,-1.03728,-0.99532,-2.96932,-1.00469,hoch,-0.39623
09501939,6377,-0.40855,,-0.67012,-0.77783,-1.8565,-0.62816,mittel,-0.10101
09501940,2678,0.11883,,-0.41384,-0.2661,-0.56111,-0.18985,mittel,-0.10053
09501941,2678,-0.81351,,-0.98931,-0.96012,-2.76294,-0.93486,mittel,-0.24118
09502042,4106,-0.74667,,-1.04437,-1.11302,-2.90406,-0.98261,mittel,-0.68425
09502043,9188,-0.71645,,-0.99585,-0.92936,-2.64166,-0.89382,mittel,-0.63868
10100101,5709,0.41874,,1.34154,0.85486,2.61514,0.88485,mittel,-0.94698
10100102,3317,0.9448,,1.44861,1.49606,3.88947,1.31602,niedrig,-1.20617
10100103,7685,0.45654,,1.01179,0.73966,2.20799,0.74709,mittel,-0.27323
10100104,7611,0.47171,,1.24098,0.89643,2.60912,0.88281,mittel,-0.06241
10100205,1262,,,,,,,,
10100206,10586,0.52078,,0.94858,0.92553,2.39489,0.81032,mittel,-0.01689
10100207,8198,0.53195,,0.74495,0.89665,2.17355,0.73543,mittel,0.09605
10100208,9163,0.58027,,0.63045,1.2589,2.46962,0.83561,mittel,0.54181
10100209,8153,-0.16537,,0.35352,0.35682,0.54497,0.18439,mittel,-0.81943
10100210,10782,0.3439,,0.43513,0.49476,1.27379,0.43099,mittel,0.05155
10100311,2228,0.334,,-0.49024,-0.91864,-1.07488,-0.36369,mittel,0.82892
10100312,14860,-0.09637,,0.01578,0.0284,-0.05219,-0.01766,mittel,-0.65523
10100313,4793,-0.37922,,-0.28702,-0.16866,-0.8349,-0.28249,mittel,-0.6295
10100314,6309,0.01953,,-0.2237,-0.02026,-0.22443,-0.07594,mittel,0.35159
10100315,7171,0.08309,,0.20716,0.43646,0.72671,0.24589,mittel,-0.48995
10100316,3681,-1.02334,,-0.47587,-0.62014,-2.11935,-0.71709,mittel,-1.20325
10200417,7171,1.27498,,1.80026,1.13548,4.21072,1.42472,niedrig,-0.09293
10200418,5445,-0.12209,,0.34669,0.37634,0.60094,0.20333,mittel,-1.21138
10200419,3564,0.32709,,0.75328,0.57229,1.65266,0.55919,mittel,-1.77104
10200420,7159,1.04985,,1.4563,1.44292,3.94907,1.33619,niedrig,1.65004
10200421,1716,-0.4006,,0.61505,0.2669,0.48135,0.16287,mittel,-1.72247
10200422,6503,2.01317,,2.33726,1.74848,6.09891,2.0636,sehr niedrig,2.53456
10200423,5929,0.91463,,1.45387,1.0906,3.4591,1.17041,niedrig,0.63949
10200524,9975,-0.40253,,0.10195,0.4413,0.14072,0.04761,mittel,-0.31339
10200525,5317,1.00932,,1.43193,1.13081,3.57206,1.20863,niedrig,0.6918
10200526,6111,0.9695,,1.93376,1.33431,4.23757,1.43381,niedrig,0.11107
10200627,3465,-0.1082,,0.18644,0.28163,0.35987,0.12176,mittel,-0.60091
10200628,6342,0.8918,,1.55295,1.1353,3.58005,1.21133,niedrig,-0.36244
10200629,8919,-0.18777,,-0.23585,0.00846,-0.41516,-0.14047,mittel,0.29451
10200630,6487,-0.33102,,-0.06158,0.077,-0.3156,-0.10679,mittel,-0.75139
10300731,7805,-1.53737,,-1.36614,-1.34639,-4.2499,-1.43798,hoch,-1.25659
10300732,6952,0.2566,,0.0386,-0.20641,0.08879,0.03004,mittel,0.87131
10300733,3938,-1.27367,,-1.06257,-1.07321,-3.40945,-1.15361,hoch,-1.52026
10300734,10260,-1.49091,,-1.31492,-1.31069,-4.11652,-1.39285,hoch,-1.05044
10400835,7807,-1.19968,,-0.98949,-0.92969,-3.11886,-1.05528,hoch,-1.38143
10400836,3868,-0.91273,,-0.99172,-1.12643,-3.03088,-1.02552,hoch,-0.68241
10400837,7733,-1.44866,,-1.33158,-1.31077,-4.09101,-1.38422,hoch,-0.83902
10400938,9921,-1.47227,,-1.2957,-1.36606,-4.13403,-1.39877,hoch,-1.26333
10400939,4457,-1.2697,,-1.11859,-1.18357,-3.57186,-1.20856,hoch,-1.18682
10400940,5801,-1.50259,,-1.29263,-1.18874,-3.98396,-1.348,hoch,-1.19788
10400941,9578,-1.47513,,-1.3001,-1.30026,-4.07549,-1.37897,hoch,-1.14802
11100101,3302,-1.45369,,-1.16687,-1.2549,-3.87546,-1.31128,hoch,-1.60669
11100102,2189,-0.40944,,0.4457,0.38003,0.41629,0.14085,mittel,1.09399
11100203,8986,1.26186,,1.39548,1.20603,3.86337,1.30719,niedrig,0.53318
11100204,7052,0.49799,,0.72992,0.67199,1.8999,0.64284,mittel,-0.15853
11100205,6095,0.57916,,0.83637,1.15742,2.57295,0.87057,mittel,0.16347
11100206,7609,1.12899,,1.11164,1.20134,3.44197,1.16461,niedrig,1.72867
11100307,11690,0.8714,,0.69628,0.95174,2.51942,0.85246,mittel,0.56623
11100308,9583,1.36226,,1.295,1.40115,4.05841,1.37319,niedrig,0.63433
11100309,5825,0.0165,,-0.02178,0.07736,0.07208,0.02439,mittel,-0.30926
11200410,9998,0.41407,,0.26787,0.41588,1.09782,0.37145,mittel,0.79693
11200411,6856,0.37672,,0.13706,0.1975,0.71128,0.24067,mittel,0.62735
11200512,3898,-1.00643,,-0.70579,-0.64729,-2.35951,-0.79835,mittel,-0.10739
11200513,9897,0.12295,,0.18064,0.43265,0.73624,0.24911,mittel,-0.54917
11200514,15296,0.56183,,0.34014,0.59224,1.49421,0.50557,mittel,1.0238
11200515,4125,-1.33948,,-1.17692,-1.16328,-3.67968,-1.24504,hoch,-1.13742
11300616,6058,0.85137,,0.72721,1.46499,3.04357,1.02981,niedrig,-0.17762
11300617,4292,0.54233,,0.0112,0.55875,1.11228,0.37635,mittel,0.24836
11300618,3713,-0.32238,,-0.30991,0.11504,-0.51725,-0.17501,mittel,-0.07598
11300619,8422,-0.22945,,-0.40377,-0.10242,-0.73564,-0.24891,mittel,-0.16128
11300620,11266,0.48986,,0.17442,0.34863,1.01291,0.34272,mittel,-0.13025
11300721,5263,-0.4837,,-0.22194,-0.02911,-0.73475,-0.24861,mittel,-0.07965
11300722,9901,-0.49091,,-0.46981,-0.6202,-1.58092,-0.53491,mittel,-0.51347
11300723,2413,0.05584,,-0.5007,-0.71452,-1.15938,-0.39228,mittel,-1.27832
11300724,3989,0.05004,,-0.08336,0.10212,0.0688,0.02328,mittel,-0.50537
11300725,9837,-0.3082,,-0.23141,-0.3693,-0.90891,-0.30753,mittel,-0.93935
11300826,9956,0.1454,,0.1903,0.52953,0.86523,0.29276,mittel,0.12378
11400927,4218,-0.60121,,-0.65204,-0.8618,-2.11505,-0.71564,mittel,-0.74931
11400928,2359,-0.61527,,-0.63265,-0.71471,-1.96263,-0.66407,mittel,0.48659
11400929,16111,0.04208,,-0.1176,-0.15826,-0.23378,-0.0791,mittel,-0.6106
11400930,4615,-0.75423,,-0.82984,-1.03382,-2.61789,-0.88578,mittel,-0.61453
11400931,6764,0.4446,,0.14111,0.33604,0.92175,0.31188,mittel,-0.76057
11401032,5824,0.79112,,0.21882,0.99202,2.00196,0.67737,mittel,0.17758
11401033,6756,0.39777,,0.4047,0.35141,1.15388,0.39042,mittel,-0.59377
11401034,3195,0.55239,,0.31495,0.91945,1.78679,0.60457,mittel,0.86083
11401135,10139,0.70463,,0.36678,0.95017,2.02158,0.68401,mittel,0.71857
11401136,8155,-0.26811,,-0.54676,-0.09626,-0.91113,-0.30829,mittel,-0.42064
11401137,8708,0.50961,,0.43718,0.81341,1.7602,0.59557,mittel,0.0988
11501238,4244,-0.64322,,-0.61752,-0.86668,-2.12742,-0.71982,mittel,-0.73193
11501339,10346,-1.0295,,-0.87814,-0.93335,-2.84099,-0.96127,mittel,-0.99568
11501340,10640,-0.95456,,-1.06396,-1.19575,-3.21427,-1.08757,hoch,-0.894
11501341,7252,-1.07653,,-1.21418,-1.3184,-3.60911,-1.22116,hoch,-0.342
12100101,10985,1.05798,,1.30982,1.31908,3.68688,1.24748,niedrig,0.71725
12100102,9986,1.10008,,1.39707,1.50101,3.99816,1.3528,niedrig,1.11379
12100103,7702,0.83457,,1.07775,1.18023,3.09255,1.04638,niedrig,-0.20811
12100204,8869,0.69306,,0.94644,1.29736,2.93686,0.9937,mittel,-0.39597
12100205,14057,0.67241,,0.81195,0.91041,2.39477,0.81028,mittel,0.1184
12100206,4661,0.13351,,0.04584,0.20905,0.3884,0.13142,mittel,0.2774
12200307,2753,1.08887,,0.60821,0.76932,2.4664,0.83452,mittel,1.06167
12200308,5667,0.59932,,0.33751,0.76777,1.7046,0.57676,mittel,0.85831
12200309,10629,1.47472,,1.49585,1.76648,4.73705,1.60281,sehr niedrig,0.25954
12200310,8270,1.78349,,2.20729,2.11408,6.10486,2.06561,sehr niedrig,0.80864
12200411,393,0.59868,,0.57894,0.75035,1.92797,0.65234,mittel,-1.41338
12200412,6355,-0.81144,,-0.52915,-0.39896,-1.73955,-0.58859,mittel,-1.28389
12200413,8091,1.0561,,1.22432,1.08993,3.37035,1.14038,niedrig,0.31759
12200414,1428,-0.45965,,-0.16742,0.36599,-0.26108,-0.08834,mittel,-0.7573
12200515,10959,-0.59635,,-0.57606,-0.37066,-1.54307,-0.52211,mittel,-0.52815
12400616,6011,-1.25441,,-1.20026,-1.13993,-3.5946,-1.21625,hoch,-0.88781
12400617,6871,-1.30004,,-1.22472,-1.35004,-3.8748,-1.31106,hoch,-0.68621
12400618,3764,-1.31532,,-1.05911,-1.10776,-3.48219,-1.17822,hoch,-1.31018
12400619,7730,-1.26435,,-1.06811,-1.07815,-3.41061,-1.154,hoch,-0.78647
12400720,8662,-1.35624,,-1.22048,-1.24946,-3.82618,-1.29461,hoch,-1.23213
12400721,8027,-1.30977,,-1.14207,-1.18879,-3.64063,-1.23183,hoch,-1.28554
12400722,8608,-1.12885,,-1.14947,-1.2244,-3.50272,-1.18517,hoch,-0.78096
12400723,8118,-1.22712,,-1.11871,-1.08648,-3.43231,-1.16134,hoch,-0.8135
12500824,9665,-0.54889,,-0.60743,-0.68081,-1.83713,-0.6216,mittel,-0.35041
12500825,6750,0.0148,,-0.12142,-0.01907,-0.12569,-0.04253,mittel,-0.2921
12500926,5065,0.48495,,-0.07815,0.22484,0.63164,0.21372,mittel,0.12656
12500927,6434,-0.63555,,-0.546,-0.23148,-1.41303,-0.47811,mittel,-0.0844
12500928,5166,-0.70339,,-0.82387,-0.73776,-2.26502,-0.76638,mittel,-0.45934
12500929,5160,-1.16517,,-1.19294,-1.218,-3.57611,-1.21,hoch,-1.08672
12500930,9936,-0.02334,,0.00596,0.35055,0.33317,0.11273,mittel,-0.43776
12601031,3310,-0.3112,,-0.44162,-0.18266,-0.93548,-0.31652,mittel,-0.93556
12601032,5922,1.91876,,3.05704,2.44261,7.41841,2.51006,sehr niedrig,0.58105
12601133,11610,1.99428,,2.45683,1.78981,6.24092,2.11165,sehr niedrig,1.89751
12601134,14722,1.48439,,1.72836,1.62042,4.83317,1.63533,sehr niedrig,0.89565
12601235,10656,1.55628,,2.33202,1.68024,5.56854,1.88415,sehr niedrig,0.73944
12601236,3131,-0.77216,,-0.54118,-0.30685,-1.62019,-0.5482,mittel,-0.61506
