id,inhabitants,s1_percentage_unemployed,s2_percentage_long_term_unemployed,s3_percentage_transfer_payments_recipients,s4_percentage_transfer_payments_recipients_below_15_years,d1_percentage_unemployed,d2_percentage_long_term_unemployed,d3_percentage_transfer_payments_recipients,d4_percentage_transfer_payments_recipients_below_15_years
01011101,2930,6.38298,2.22222,7.44027,20.1087,-0.82908,-0.14592,0.10494,-1.44819
01011102,180,0,0,0,0,0,0,0,0
01011103,4818,9.30956,3.11262,18.51391,40.28269,-0.96813,0.13524,1.98567,2.50866
01011104,3913,9.76714,3.62225,24.61027,63.69983,-0.88293,0.37191,-4.65603,-9.01113
01011105,996,2.33161,0.51813,4.01606,8.98876,0.8962,-0.11982,1.13747,-0.60028
01011201,2078,6.42202,1.90039,8.80654,30.73394,0.86274,0.15893,0.78884,-1.49354
01011202,472,3.94366,0.84507,0.42373,0,-1.39758,-0.63861,-2.05375,-10.41667
01011203,854,3.7325,0.93313,3.16159,13.63636,0.48575,0.93313,0.04439,4.68114
01011204,5822,4.68396,1.13322,7.35143,24.29501,-1.33917,-0.39945,0.57454,1.37366
01011301,4902,2.98013,0.71319,3.79437,7.67754,-1.01561,-0.13923,0.61186,0.07128
01011302,12078,5.32514,1.15673,6.90512,14.27707,-0.87493,-0.26012,-0.08167,-2.23499
01011303,8141,7.00186,2.00776,9.36003,24.5023,-0.6812,-0.10637,-0.01459,-4.56924
01011304,8279,7.56193,2.52064,12.3928,40.71703,-1.75345,-0.44232,1.04363,-6.13336
01011305,6363,6.28979,1.83346,7.93651,32.72727,-1.1135,-0.53225,-0.75409,-9.87362
01011306,7857,7.14286,2.36318,8.33652,25.67204,-1.18418,-0.0915,0.83923,-1.38861
01011401,14026,4.98047,1.17188,5.4399,9.32777,-0.51078,-0.18936,-0.10526,-2.08748
01011402,12025,4.6372,1.08684,4.4158,6.54481,-0.50227,-0.05526,-0.82678,-3.03603
01022101,3142,12.62666,3.93609,23.1063,74.01316,-2.33849,0.12305,1.05485,8.28878
01022102,5849,13.56043,4.5563,26.31219,63.10811,-2.45348,-0.26409,0.32227,0.62462
01022103,220,0,0,0,0,0,0,0,0
01022104,17089,10.09299,3.53822,19.70858,50.28307,-2.69183,-0.319,0.26696,-2.58992
01022105,4887,11.48109,3.48961,25.57806,67.78626,-2.70889,-1.02671,-2.37385,-4.48265
01022106,10959,7.13128,2.23164,11.83502,24.59547,-1.0141,0.06641,-0.11279,-2.64863
01022201,10000,10.29412,3.09201,19.76,54.2517,-2.4542,-0.52594,-0.8157,-2.67397
01022202,1492,12.76392,4.51056,34.65147,69.79866,-1.66595,0.17151,2.51112,6.22477
01022203,6751,12.61453,4.45344,26.1739,56.62983,-2.9031,0.007,-1.18071,-11.08176
01022204,5677,7.95316,2.68358,11.87247,25.57003,-1.50046,-0.03561,-0.20928,-2.70137
01022205,3063,10.7002,3.59961,27.81587,56.09756,-1.19035,0.16677,1.54828,1.44169
01022206,3016,8.33709,2.65886,12.5,30.82902,0.19648,0.5312,-0.7464,-0.96289
01022207,5366,6.51589,1.91169,9.63474,27.3523,-0.01639,0.12552,0.69788,2.0869
01033101,24632,15.44249,5.36112,31.33323,71.52253,-2.79761,0.06932,1.17319,-0.54537
01033102,11030,13.2982,4.36328,28.24116,69.25816,-2.3268,-0.09369,-0.57192,-0.66101
01033201,12778,13.69242,4.42066,33.24464,68.9429,-2.2389,-0.34919,-1.07188,-2.42004
01033202,9611,12.15478,4.00999,24.30548,60,-2.30922,0.07399,-0.74526,-5.31499
01033203,13179,14.87802,4.95236,32.41521,73.21191,-3.91326,-0.6509,0.87928,1.02413
01044101,19210,11.89697,3.8779,21.24414,56.98828,-1.9913,-0.23189,0.96069,1.55252
01044102,15069,12.20287,4.06762,17.44641,53.79132,-1.58477,-0.34865,1.04326,0.79064
01044103,7738,11.92479,3.82649,20.21194,56.12245,-2.49439,0.00135,-0.31732,-1.41815
01044201,22224,15.0779,5.03619,32.11393,75.34984,-2.275,-0.17034,-0.21711,1.42633
01044202,15894,10.95319,3.50687,22.25997,62.79548,-2.6285,-0.56095,-0.33381,-1.92247
01044203,15364,13.89037,4.77843,27.25853,69.34231,-2.56352,-0.30922,-0.24147,-3.80055
02010101,6025,12.81223,4.84496,29.26141,65.13661,-0.08679,0.39328,-2.31146,-3.44046
02010102,12831,14.56409,5.54179,34.98558,70.57044,-1.0182,-0.04167,-1.81061,-3.96679
02010103,15351,17.84867,6.7787,37.56759,76.30162,0.41489,0.80629,-0.62323,-3.83132
02010104,5031,15.58258,5.82579,37.30869,72.07392,0.2294,0.48429,-2.51271,-7.70804
02020201,278,0,0,0,0,0,0,0,0
02020202,5650,8.22628,2.77214,13.34513,29.45302,-0.74564,0.03535,-2.87656,-10.30275
02020203,10169,7.76687,2.41692,11.99725,26.65576,-0.68897,-0.10682,-1.21897,-5.559
02020204,11894,8.0444,2.84355,12.80478,27.33096,-0.90464,0.34437,-0.71432,-3.215
02020205,14827,7.74348,2.41344,12.65934,26.25728,-0.7666,-0.06238,-1.52698,-5.18135
02020206,18748,9.43216,3.13268,17.8419,41.14264,-0.67006,0.15065,-1.95052,-6.66743
02030301,9295,13.22545,4.53404,29.29532,61.15765,-1.15683,0.018,-0.61564,-4.86106
02030302,13222,11.83577,3.90924,23.96763,51.66032,-0.2325,0.27361,-1.94717,-5.45968
02030401,14933,9.80376,3.11482,18.70354,44.09836,-0.88548,-0.20312,-1.96609,-6.27879
02030402,11312,9.63278,3.16007,18.13119,41.78132,-1.24114,-0.01982,-0.68213,-4.361
02040501,5324,9.40778,3.38409,13.73028,47.76119,-1.6512,-0.00062,0.34738,-4.82007
02040502,6834,7.64064,2.267,10.34533,29.95529,-2.33317,-0.39559,-0.50599,-5.36653
02040503,10271,6.10347,1.72018,7.1366,15.32779,-1.16487,-0.45227,-1.31096,-6.93783
02040701,12236,7.81832,2.49442,12.92089,45.21739,-0.95031,-0.12409,-0.49178,-5.31642
02040702,10433,6.72562,1.80595,7.47628,14.52359,-0.43105,-0.02512,-0.62141,-2.14308
02040703,591,8.61723,2.60521,19.62775,63.63636,-6.99123,-1.89214,-6.00784,-8.51554
02050601,8580,8.5013,2.49554,10.44289,25.63452,-0.90738,-0.25715,-0.21214,-0.67402
02050602,18718,8.06764,2.45902,10.39107,22.89519,-0.93455,0.07569,-1.14422,-3.74731
02050801,18227,8.33442,2.51013,12.26203,31.74832,-0.93746,-0.10781,-1.14861,-6.45274
02050802,19152,6.99611,1.9876,8.18713,17.00201,-0.701,-0.08494,-0.91163,-4.15725
02050803,6412,8.04707,2.25849,11.71241,30.85622,-1.73662,-0.28169,-1.27544,-4.44783
02050804,3127,3.37452,0.57034,3.58171,5.22979,-0.14994,-0.21872,-0.43119,-0.46874
03010101,2869,9.57718,3.61691,9.55037,20.45455,-1.3909,-0.50255,0.32013,-2.86006
03010102,10095,11.60596,4.38742,15.16592,48.13375,-1.93419,-1.07389,-0.06573,-3.14631
03010104,193,0,0,0,0,0,0,0,0
03020203,1958,7.3328,2.41741,5.10725,11.39241,0.39065,-1.05367,0.68853,-2.67795
03020209,13583,5.51567,1.74064,5.54369,9.43309,-1.11524,-0.78161,-0.19022,-2.56106
03020210,10134,5.55796,1.48308,6.31537,11.41935,-1.21225,-1.06517,-0.17151,-0.42367
03020307,16875,5.68072,1.86727,7.13481,16.44712,-0.64873,-0.50515,-0.49702,-3.19162
03030405,10558,6.36624,2.04578,8.5717,20.37548,-0.46835,-0.16166,-1.12846,-4.24251
03030406,8050,3.30033,1.06344,2.38509,4.6627,-0.2314,-0.066,-0.00953,-0.56544
03030711,6527,4.06748,1.47908,2.42071,5.09554,0.01405,-0.04095,-0.15089,-1.27896
03030715,6516,4.64602,1.63717,3.8674,9.97191,-1.3382,-0.53293,-0.06166,-0.709
03030716,1133,3.03907,1.01302,2.64784,4.25532,-2.64606,-0.88202,0.46634,-2.67537
03040508,4420,4.60875,1.42573,5.74661,12.6703,-0.93747,-0.99444,-0.74307,-3.01058
03040512,9398,5.24301,1.69774,4.9585,10.84337,-0.75199,-0.18403,-0.30918,-2.10341
03040513,3295,4.81696,1.68593,3.94537,5.6042,0.15296,0.08112,-0.51948,-2.83616
03040614,32896,7.11522,2.39219,8.01313,15.79457,-1.32916,-0.5246,-0.12277,-1.35249
03040818,32163,7.66282,2.50767,9.00414,22.08896,-1.45214,-0.51828,-0.06848,-2.77576
03050919,4839,8.64236,2.60842,8.94813,21.88139,-1.22126,-1.19748,0.57375,1.39946
03050920,6500,8.22479,2.67728,7.61538,17.64005,-1.63794,-0.88144,-0.433,-7.57004
03050923,8302,9.62199,3.62387,11.04553,22.42366,-1.49093,-0.46009,-0.39568,-4.79917
03050924,5416,11.18311,3.50372,11.52142,22.60536,-0.25399,-0.64844,-1.00492,-5.84534
03050925,8369,7.75034,2.84636,9.30816,17.35959,-1.32445,-0.66303,0.19598,-2.91068
03051017,4129,7.54119,2.78834,8.74304,23.80952,-1.15162,-0.31624,-0.79971,-0.97861
03051021,6450,10.45838,3.55638,10.48062,33.93148,-1.09982,-0.98049,1.02394,2.68148
03051022,4575,8.38687,2.8551,10.77596,37.66026,-0.29631,-0.33829,-0.05038,-0.88326
03061126,14273,7.64767,2.32115,7.7489,15.42169,-1.39047,-0.81134,-0.53363,-3.32004
03061131,9689,6.44149,2.2225,6.06874,8.64101,-1.747,-0.31387,-0.52619,-3.40719
03061227,14040,6.58307,1.94542,7.04416,13.77209,-1.44691,-0.88697,-0.02428,-2.66813
03061228,12001,9.60664,3.22874,10.02416,30.15564,-1.82919,-0.83733,-0.51014,-5.25662
03061332,21490,6.82786,2.26828,7.25454,12.13018,-1.37365,-0.51331,-0.22733,-2.26401
03061429,10088,10.79589,3.78903,10.65623,40.92664,-0.79144,-0.34524,0.19631,-4.71094
03061430,2885,13.73011,5.3624,11.71577,31.83521,-0.24901,-0.03203,1.41608,-2.70295
03061434,5939,8.46885,2.55544,8.63782,16.76471,-1.53784,-1.12185,-0.50494,-3.76161
03061435,3868,11.25645,3.95869,12.35781,37.2093,-0.36413,0.1785,-0.40593,1.51136
03061441,1842,2.24252,0,1.4658,1.27932,-0.59194,-0.34014,0.61964,0.02932
03071536,10323,5.64214,1.54645,5.84133,9.47109,-1.26141,-0.82664,0.02582,-1.93241
03071537,14314,5.71911,1.61879,5.42825,7.55129,-0.73161,-0.39993,-0.55856,-3.98355
03071633,2711,8.92374,3.08275,14.2014,28.90855,-4.2218,-3.13791,-2.13977,-12.50559
03071638,16365,6.20841,1.80067,6.21448,10.33663,-1.09547,-0.40443,-0.46327,-2.71054
03071639,11866,6.16392,1.79499,6.2026,8.30565,-0.37718,-0.48812,-0.31374,-1.0819
04010101,10054,13.23851,5.36105,20.98667,57.45234,-0.50843,-0.43487,1.50388,-0.3631
04010102,753,5.41586,2.70793,5.17928,36.95652,0.273,1.18412,-1.89682,-17.80538
04010103,7489,12.65034,5.32646,24.07531,58.16227,-1.80171,-0.72377,1.05503,-2.34193
04020204,129,0,0,0,0,0,0,0,0
04020205,1242,2.97927,1.03627,2.73752,7.23684,0.09707,0.28439,-0.09878,0.86742
04020206,2584,5.48885,1.45798,5.72755,18.24818,0.65425,-0.57765,0.55108,-5.28124
04020207,2678,3.79976,1.3269,3.02465,8.60534,0.28438,0.07141,-0.56863,0.3942
04020208,2845,3.71537,1.32242,2.53076,2.42826,-0.60118,-0.11643,0.11229,0.17826
04020209,3142,1.24481,0.36883,0.79567,1.34409,-0.72256,-0.35094,0.28021,0.38715
04020310,585,5.12821,1.7094,4.44444,29.62963,1.27382,0.21047,0.49057,18.00172
04020311,13953,5.09874,1.97487,5.58303,12.40029,-0.36071,-0.27026,-0.03879,-2.19318
04020312,4877,4.89074,1.76899,5.18762,7.43802,-0.3635,0.24357,-0.06233,-2.54029
04020313,6897,6.5051,2.42347,9.06191,23.78139,-1.31448,-0.54571,0.01165,-3.00433
04020314,12,0,0,0,0,0,0,0,0
04030415,2669,10.92113,4.30226,19.25815,53.67232,1.0213,-0.05837,-0.22542,-12.02536
04030416,10210,8.71187,3.80978,16.61117,30.62069,-1.28407,-0.24812,-0.87325,-6.20999
04030417,10426,6.37248,2.63965,10.24362,22.57511,-0.80999,-0.18735,-0.21765,-3.4453
04030518,9110,8.66882,3.59976,14.25906,35.90963,-1.66566,-0.60003,-0.15688,-5.65663
04030519,5406,8.75842,3.68142,15.29782,44.70803,-1.23648,-0.88257,-0.6029,-3.10149
04030620,8386,7.45276,2.74668,12.66396,33.13325,-1.23982,-0.62788,-1.30306,-4.36675
04030621,2949,8.92241,3.31897,16.6158,43.76997,-1.96558,-1.6788,-0.45652,-3.6586
04030622,10002,8.36168,3.79819,13.77724,33.08351,-1.46898,-0.62202,-0.34388,-4.61448
04030623,4314,8.26746,3.78788,15.46129,37.95309,-1.20517,-0.44457,-0.04648,-2.09545
04030724,6256,6.92159,2.83156,8.50384,17.89137,-0.81,-0.11033,-1.57739,-7.36866
04030725,11565,5.8307,2.25969,7.94639,17.44914,-0.95728,-0.7093,-0.22954,-0.55245
04030726,5253,6.50838,2.7095,8.9663,20.2509,-0.91764,-0.11016,-1.12598,-3.25657
04030827,11452,8.03413,3.36533,13.50856,35.75655,-1.12438,-0.7244,-1.2754,-3.26582
04030828,9239,5.42613,2.34444,8.28012,20.34314,-1.09176,-0.21246,-0.56003,-2.85589
04030929,5983,5.54638,1.81732,7.48788,11.47541,-1.17954,-1.06521,-0.7379,-2.54168
04030930,5309,4.91623,2.03241,6.04634,13.61059,-0.22029,0.00483,-0.38707,0.41356
04030931,3418,5.79585,2.37889,8.19193,15.22491,-0.25722,0.22301,0.81798,-3.97509
04031032,14349,6.53199,2.54307,8.51627,20.3876,-0.62204,-0.30394,0.0249,-1.02985
04041133,35,0,0,0,0,0,0,0,0
04041134,4744,4.42478,1.9469,6.15514,10.43478,0.08475,0.1535,0.21711,2.25721
04041135,2767,2.13191,0.79947,2.7828,5.625,0.21392,0.13809,0.00095,1.90983
04041136,2912,3.24954,0.91968,2.50687,4.13793,-0.53223,-0.44424,-0.80554,-2.66479
04041137,7700,6.22725,2.66882,8.12987,17.98942,-1.17861,-0.18119,0.93381,2.39571
04041238,5492,5.44539,2.01448,7.57465,18.14346,-0.19481,0.19924,0.9394,2.88922
04041239,168,0,0,0,0,0,0,0,0
04041240,1545,2.3199,0,1.2945,2.31481,-0.61782,-0.58754,0.23138,0.64815
04041241,6715,4.15392,1.35066,4.78034,6.67575,-0.86306,-0.50458,-0.77609,-5.66399
04041342,4025,7.07856,3.31424,10.38509,26.19926,-1.11684,0.16527,-1.30645,-6.28249
04041343,3510,5.26543,2.28744,7.74929,12.26158,-1.22919,-0.46525,0.12507,-2.96152
04041344,10562,4.63964,1.6967,7.25241,15.59561,-0.9235,-0.13747,0.52493,-0.48671
04051445,5772,7.67687,3.36177,10.39501,24.49324,-0.57189,0.44738,-1.02748,-4.70741
04051446,10035,5.57775,2.52996,7.3144,15.52239,-0.8289,-0.1988,0.35558,0.6709
04051447,5112,6.94034,2.7466,9.018,18.98496,-0.65198,-0.26669,0.11498,-0.56391
04051448,8552,6.53033,2.68087,8.58279,21.00162,-1.15257,-0.63675,0.16683,-0.383
04051549,4074,7.69759,2.71478,9.96564,21.80974,-0.66782,-0.61039,0.15928,1.53947
04051550,5258,6.7091,2.78441,10.17497,25.04318,-0.97316,0.01461,-0.25294,-0.00123
04051551,4189,7.51979,3.19921,12.03151,29.32166,-1.95283,-0.73092,-0.12837,-0.85942
04051652,9248,5.27252,2.32897,7.78547,14.47777,-1.02872,-0.14652,0.18804,-2.38209
04051653,6413,6.60813,2.5647,8.35802,14.8398,-0.7095,-0.11305,-0.0238,-3.15681
04051654,2854,6.28019,2.84487,8.37421,16.10169,-0.77284,0.27516,0.247,2.25554
04051655,6664,7.08307,3.21958,11.16447,25.23118,-1.26675,-0.36206,-1.01266,-6.49959
04051656,7336,5.86965,2.10051,6.84297,12.56545,-0.35789,-0.1949,-0.89138,-3.83153
04061757,71,0,0,0,0,0,0,0,0
05010101,9747,7.75805,2.44905,11.55227,31.27327,-0.70501,-0.20084,-0.43779,-2.08372
05010102,5566,10.25057,3.55923,12.52246,44.0678,0.45165,0.5006,0.13548,-0.2984
05010103,7464,7.02538,2.57868,7.99839,17.78058,-0.87044,0.42903,0.10187,0.26233
05010204,3208,14.57286,4.74595,26.02868,64.70588,1.19593,0.7626,1.09412,-0.54835
05010205,1941,2.97619,0.79365,3.70943,7.58123,0.0409,-0.27373,1.14401,1.25211
05010206,9946,13.39256,4.84412,18.91213,50.69501,-0.1121,0.63577,0.75749,0.73706
05010207,10930,14.87801,5.2088,28.09698,61.53389,-0.20243,0.57792,0.39957,0.59931
05010208,7262,14.37987,4.5736,21.41283,59.30372,-0.39763,0.12355,0.98866,2.53943
05010209,5949,6.26299,2.10499,7.51387,20.33384,-0.60623,-0.06146,-1.03832,-4.8874
05010310,3632,13.30368,4.81197,19.0804,49.78632,1.06562,1.03997,0.5894,-1.69882
05010311,5369,14.4898,5.44218,24.0827,60.65574,-1.57833,-0.11132,-1.94918,-6.49755
05010312,6323,15.83603,5.54477,27.10739,66.33222,-2.09386,-0.11606,0.62477,0.0939
05010313,6349,12.84522,4.77414,20.79068,52.78107,0.1208,0.66732,0.5044,-0.90696
05010314,11267,12.7713,4.29055,19.21541,54.21217,-0.0214,0.34823,0.77192,4.09616
05010339,425,10.33333,3.66667,9.17647,28.94737,-0.22567,0.56108,-0.3022,-17.4812
05020415,3983,3.02928,0.90878,2.51067,5.84192,0.53013,0.30088,0.27186,1.94971
05020416,1794,6.49123,1.92982,7.30212,22.56098,0.41947,-0.0021,-0.24184,2.77488
05020417,5568,5.17808,1.75342,4.40014,12.08054,-0.58279,-0.14875,-0.33464,-1.92912
05020418,4038,8.56206,2.62188,9.93066,20.95915,0.31083,0.07672,0.70869,0.84845
05020419,6767,13.12403,4.81215,19.29954,58.95522,-0.28494,0.53159,0.85625,0.44459
05020420,933,5.3973,1.49925,4.60879,10.41667,0.5997,-0.14993,0.18774,0.75758
05020521,2720,4.24306,1.04767,5.25735,9.58084,-1.03179,-0.34045,-0.41749,-2.49463
05020522,6332,15.05792,5.30245,27.51105,63.74765,-0.43717,0.64132,0.57835,-2.25235
05020523,11583,18.53515,6.52448,37.5982,78.27617,0.66224,0.24323,1.34369,0.50899
05020524,6069,5.50775,2.03672,5.43747,13.50877,-0.12008,0.11364,0.26058,-2.18088
05020625,7128,10.19547,3.93159,15.06734,47.1831,-1.05114,0.27305,-0.05027,-5.80089
05020626,16874,11.80172,4.03027,17.02027,44.139,-0.89684,-0.01221,-0.42275,-2.6228
05020627,3811,10.59871,3.80259,20.62451,50.08576,-0.70492,0.17223,-0.3406,-3.71171
05020628,2026,9.76277,3.55839,12.83317,43.10345,0.11365,0.82935,1.69936,-0.30315
05020629,4401,4.21687,1.41997,2.93115,7.10526,-0.10768,-0.06274,-0.17316,0.17193
05030730,3439,6.5678,1.94915,12.64903,27.43363,-2.01689,-0.69586,-3.45584,-8.24919
05030731,10672,13.04601,4.54281,19.53711,55.00782,-1.21203,0.29668,-0.23211,-3.17542
05030832,10987,10.56552,3.66897,16.18276,41.99869,-0.13262,0.43267,0.30457,0.90855
05030833,867,3.38078,0.88968,4.84429,6.66667,-0.63776,-0.50136,-1.58353,-7.77184
05040934,3414,2.6057,0.78663,2.46046,4.75,-0.06096,0.02472,0.73334,0.45136
05040935,385,9.85915,2.8169,9.61039,5.26316,-1.59123,0.9085,0.40323,-11.40351
05040936,8430,2.83565,0.46296,2.53855,5.1857,0.34263,-0.35475,0.23913,-0.12403
05040937,2154,2.33333,0.91667,1.85701,4.43548,0.19292,0.40297,0.06351,-0.17281
05040938,3552,2.87908,0.76775,1.71734,6.65188,-0.2099,0.03009,0.27089,3.85619
06010101,6797,3.95467,1.27803,3.26615,7.14286,-0.11571,0.01753,-0.33925,-2.38655
06010102,8515,5.4666,1.6982,8.4909,22.58065,-1.1957,-0.39706,-0.39159,-0.60312
06010103,6223,5.94619,2.26091,7.35979,19.79434,-0.24332,0.10021,-1.50097,-3.40783
06010204,6755,7.62868,2.73438,11.19171,28.33724,-1.42784,-0.10318,0.37278,2.80051
06010205,9427,7.12295,2.75627,8.97422,23.60248,-0.85116,0.34035,-0.84451,-1.32952
06010206,7582,6.60955,2.48878,8.29596,21.79177,-0.50767,0.1023,-0.56206,-1.55849
06010207,7820,6.62879,2.74621,9.09207,24.43243,-0.38676,0.30025,-1.44111,-5.98119
06010208,6365,7.29121,2.69554,9.69364,22.94118,-0.37079,0.17802,-0.47319,1.22044
06010209,8782,6.89655,2.38974,8.96151,25.11211,-0.44679,-0.23755,-0.3478,2.11101
06010210,4791,8.08982,3.26054,10.87456,27.22222,-1.21539,0.09676,-0.8554,-6.31436
06020301,4938,6.82288,2.8601,8.89024,20.59337,-0.01115,0.59371,0.30002,-1.05243
06020302,5351,5.2862,1.6835,5.53168,15.61939,0.37698,0.00226,0.0264,-1.50768
06020303,7125,8.10073,3.54669,12.40702,35.40291,-1.20864,0.66728,0.13481,-0.62449
06020304,6817,8.18202,2.62525,11.23661,29.55524,-0.51655,-0.05812,-0.20781,-1.9617
06020305,10942,8.70185,3.2525,13.51672,39.14824,0.30628,0.89217,-0.93562,-2.21346
06020306,6428,4.4472,1.63975,5.81829,13.96277,-0.23426,0.24014,-0.42692,-1.39104
06020407,4893,11.53721,4.80988,20.90742,65.14196,-0.11022,0.96238,-2.05538,-5.03348
06020408,6588,7.08583,2.94411,9.48695,29.9435,-0.13568,0.63937,-0.03613,2.18957
06020409,8089,6.1173,2.39647,6.16887,15.74179,0.45377,0.78727,-0.67043,-3.72826
06020410,6824,4.12395,1.39795,4.02989,6.81293,-0.42675,0.08125,-0.4816,-2.03752
06020411,8506,4.93803,2.07204,6.24265,16.9708,-0.28885,0.32974,-0.58168,-2.26695
06030501,5523,3.74471,0.74894,4.1463,11.11111,-0.97165,-0.30647,-0.15906,-0.99773
06030502,5147,6.31514,1.96199,9.86983,30.25048,-1.59605,-0.00799,-1.26088,-7.74164
06030503,11197,4.76784,1.76022,6.51067,14.79029,0.08187,0.43136,0.13592,1.38168
06030504,10918,2.97837,0.79867,2.8943,6.94752,-0.33547,-0.1435,-0.54734,-1.00196
06030605,6847,5.34002,1.96164,5.87118,13.17136,-0.31614,0.17313,-0.67324,-2.54647
06030606,4987,7.30769,3.31361,9.36435,23.63919,-0.73864,0.72294,-0.33519,0.79436
06030607,3224,3.26423,0.97045,3.66005,11.14458,-0.1515,-0.06326,0.60974,-0.42812
06030608,11413,3.43991,1.17043,2.06782,2.38908,-0.10683,-0.03186,-0.06121,-0.57476
06030609,11559,5.10644,1.76502,5.50221,12.66938,-0.24044,0.16096,0.03611,-0.7737
06030610,8099,3.40469,1.20285,3.18558,5.94947,0.10126,0.16289,-0.77845,-1.76894
06040701,9514,2.88462,0.67126,2.50158,4.49527,0.05443,-0.14265,-0.14415,-0.13136
06040702,5459,2.8117,0.88043,3.7919,5.51559,-0.10842,0.10746,-0.46736,-1.06784
06040703,10692,2.77125,0.5793,2.73101,4.66619,-0.19308,-0.11546,-0.24847,-1.46657
06040804,7596,2.54237,0.82392,1.93523,3.36538,0.49097,0.18727,-0.29171,0.16388
06040805,5208,3.03831,1.0568,3.1682,5.28701,-0.0939,0.26551,0.19791,-0.34465
06040806,7208,3.11005,0.76555,2.77469,4.53629,-0.31282,-0.25656,-0.14985,-0.36087
06040807,5844,3.92835,1.31992,4.60301,7.24832,0.23172,0.52324,0.50537,1.48463
06040808,4083,2.65879,0.6647,2.84105,4.97788,-0.7066,0.10996,-1.13149,-2.10458
06040809,5000,1.77866,0.42819,1.5,2.05128,0.16893,0.06683,-0.28285,-0.39371
06040810,6670,1.8803,0.47669,1.0045,1.25392,0.03625,-0.02383,-0.23774,-0.32836
07010101,9213,7.10841,2.69093,10.33322,21.90352,0.46212,0.27688,-0.4796,-1.07628
07010102,15037,9.38599,3.40817,21.15449,52.70496,-0.54127,0.18181,0.5455,-1.55609
07010103,9743,6.62836,1.84978,10.40747,21.841,-0.67584,-0.15212,0.26803,-1.77244
07010104,13008,11.3063,3.90154,24.35424,57.26399,-0.65452,-0.0854,0.60565,-3.24305
07020201,10293,6.59325,2.08951,8.79238,19.40299,-0.06228,-0.02689,-0.00297,-1.41868
07020202,9521,7.65591,2.4086,12.81378,33.36605,-0.80295,-0.38688,-0.01217,-2.32688
07020203,16855,8.79887,2.92251,15.33076,34.15326,-0.03093,0.29414,0.37717,-1.30341
07020204,11081,8.12613,2.54295,12.96814,34.30186,-0.49456,-0.03221,-0.44929,-3.43399
07030301,23359,4.46567,1.37071,5.51822,10.11772,-0.07266,-0.19631,-0.07922,-0.99339
07030302,8996,5.10787,1.80838,6.90307,13.35616,-0.60777,0.17084,-0.0041,-0.92955
07030303,11905,8.93318,3.09496,16.48047,38.97898,-0.59622,0.06715,-1.06867,-3.97596
07040401,16339,7.66373,2.3595,11.7143,25.50426,-0.82485,-0.17555,-0.61738,-4.97954
07040402,2094,11.37097,3.70968,13.56256,44.56522,-0.46382,-0.02344,1.18798,3.38875
07040403,22470,8.97575,3.11287,14.42368,40.05236,-0.1923,0.17807,0.16083,-0.70222
07040404,5019,7.85667,2.49836,11.93465,32.8972,-0.22379,-0.05875,0.40476,1.14044
07040405,10126,9.13955,3.36949,15.80091,46.80328,-0.96457,-0.44339,-0.26343,0.19906
07040406,3361,15.51988,5.31346,26.45046,72,-1.66699,-0.48306,1.28427,-0.26563
07050501,15427,10.04469,3.29318,15.55066,46.06025,-0.09289,-0.0047,0.64334,-0.80524
07050502,7541,9.88849,3.19798,12.10715,34.77157,0.24632,-0.10178,0.24161,-2.29509
07050503,8938,8.91141,3.18015,12.35176,35.88517,-0.01026,0.35261,0.52235,-0.20232
07050504,5426,8.44156,2.65643,14.20936,36.60436,-0.78831,-0.42999,1.61094,1.90405
07050505,10358,5.78973,1.91898,8.72755,26.43492,-0.49958,0.24734,-0.575,0.05262
07050506,2226,3.75723,1.15607,2.74034,8.76494,-0.36881,0.25584,0.09041,2.44083
07060601,9819,8.70285,2.72998,14.4312,33.72333,-0.04932,0.25164,0.63101,-4.67257
07060602,4523,4.50355,1.31206,4.73137,8.47458,0.14494,-0.31799,0.24122,0.35769
07060603,2716,7.24832,2.21477,13.4757,50.9434,-0.82254,-0.40991,-0.37329,-3.36695
07060604,13472,10.16175,3.44487,17.24317,46.4351,0.5651,0.50914,-0.25888,-0.70518
07070701,10290,5.24809,1.47901,6.20019,17.53247,0.04458,-0.1012,0.71186,0.93106
07070702,10128,5.55298,2.08817,7.31635,17.9966,-0.628,-0.01306,-0.11575,-0.69272
07070703,7811,10.7298,3.93136,15.79823,45.2071,0.50377,0.24473,0.72956,3.0425
07070704,7891,11.8432,4.4412,23.63452,60.14207,0.21024,0.54905,2.56718,3.99234
07070705,7026,3.80423,1.29032,4.41218,11.48429,-0.35482,-0.1265,-0.40502,0.24051
07070706,3636,4.59447,1.78153,5.06051,14.22319,-0.08362,0.57727,-0.32163,-1.62043
07070707,2780,2.79503,1.36646,3.20144,7.39645,-1.21677,0.00953,0.50341,-3.43158
08010115,845,5.6231,1.06383,11.59763,23.89381,-3.82315,-0.89057,-0.74651,-7.07965
08010116,3493,13.84728,4.23822,26.99685,56.743,0.40388,0.3074,-1.65164,-3.20904
08010117,15749,12.50982,3.89753,23.69674,60.88416,-1.47601,-0.48621,-2.76478,-0.18119
08010118,11235,13.6878,4.46526,33.16422,75.7287,-1.37291,-0.13303,-1.88569,-0.01331
08010211,9836,11.27946,3.22455,25.05083,66.79811,-1.38504,-0.62432,-3.30398,-0.99723
08010212,7322,13.81905,4.45456,36.32887,72.47839,-1.39835,-0.50534,-2.40948,-2.50369
08010213,12284,12.90527,4.43553,26.45718,67.72455,-1.76563,-0.01672,-2.13387,2.8278
08010214,7908,14.52184,4.70568,30.29843,71.84801,-0.78561,-0.40299,-1.75181,1.98269
08010301,27427,9.52294,2.74683,19.76884,51.94401,-1.59929,-0.46022,-1.56182,-4.09688
08010302,3690,12.24723,3.77718,22.14092,60.97561,-0.28195,0.1196,-0.75627,-1.5872
08010303,8267,10.9795,3.49279,27.45857,70.00912,-2.59974,-0.71808,-1.76012,1.37443
08010404,22884,11.8918,3.82176,25.76036,64.5347,-1.39555,-0.18985,-1.73825,0.44997
08010405,8917,11.26447,3.51736,22.78793,58.42601,-1.04125,-0.1359,-1.129,-3.46483
08010406,6718,15.50552,4.80034,33.00089,68.72285,-0.2348,-0.07438,0.03247,-3.29638
08010407,765,11.55624,3.85208,20.52288,70.76923,-3.10174,0.10615,-1.38189,-5.89744
08010508,5258,16.54614,4.80185,41.89806,76.55236,-0.89537,-0.54607,2.54103,3.42416
08010509,9315,18.71088,5.34597,43.01664,77.34522,1.36122,0.13042,0.71327,2.92432
08010510,364,11.92053,2.31788,14.56044,43.18182,1.99406,-1.35859,-4.44268,-15.15152
08020619,9713,12.31698,3.71321,24.1429,55.29248,-0.70635,-0.47343,-1.20967,-4.03083
08020620,9069,11.56509,3.90005,22.91322,60.70812,-0.82556,0.06145,0.65374,-2.65525
08020621,2326,2.16561,0.19108,2.02064,3.80952,0.15586,0.00838,-0.23085,-2.50277
08020622,14114,8.23263,2.53561,14.62378,36.78385,-0.78541,-0.34794,-0.07187,-1.9903
08020623,1263,7.2335,2.15736,16.2312,44.27481,0.40361,-0.54883,0.06878,-3.17045
08020624,1076,7.09318,1.5299,14.96283,25.67568,-1.12599,-1.51424,0.54658,-7.93088
08020625,3287,8.62309,3.43069,9.76574,19.87179,2.45836,1.35894,1.2776,4.78304
08020726,8199,5.91817,1.71265,7.46432,19.58998,0.14783,-0.15309,-0.60671,-1.01991
08020727,11346,6.30105,2.05659,10.68218,32.44722,-0.29219,-0.02705,-0.27514,-0.78448
08020728,8135,9.13853,2.63873,17.06208,47.23982,-0.12338,-0.24412,0.85711,0.99765
08030829,12149,11.7801,3.57766,24.81686,65.9782,-0.67411,-0.27582,0.22615,-2.07901
08030830,7258,10.34222,3.42224,16.86415,54.69846,-0.53515,0.18982,0.24681,-2.29402
08030831,16851,11.18043,3.53836,23.07281,55.89099,-0.67644,-0.11069,-0.58667,-2.92228
08040932,2778,7.21185,2.64005,14.18287,45.16129,-0.9203,-0.85423,-0.84078,1.55664
08040933,3925,5.25869,1.48431,7.61783,19.94382,-0.60323,-0.07887,-0.90431,-3.22998
08040934,2613,5.80681,1.78671,9.07003,22.72727,0.16298,-0.24069,-0.95292,-1.50481
08041035,7603,4.17012,1.20332,4.03788,10.03628,0.41564,0.02213,0.01274,0.97745
08041036,6809,3.28585,1.19485,3.99471,10.48593,-0.98709,-0.03557,-0.24136,1.35189
08041037,9599,6.2247,1.5857,9.28222,30.06475,0.36034,-0.33509,0.34203,2.28698
08041038,6386,3.87497,0.98166,4.49421,13.09353,-0.08868,-0.07868,-0.04696,0.35114
08041039,3578,6.79245,1.92872,14.7289,35.16484,-0.74415,-0.05233,-0.83476,-0.65812
08041040,8002,5.35266,1.52657,9.68508,24.70187,-0.29977,-0.21706,-0.92268,-3.51389
09010101,10981,10.3657,3.80529,12.96785,30.53239,-0.77981,-0.78708,-0.60018,-3.96726
09010102,68,0,0,0,0,0,0,0,0
09010201,4199,5.51852,1.74074,6.2634,12.61398,-1.46888,-0.74112,0.55326,-1.21238
09010202,6670,10.03393,3.85361,11.37931,42.03233,-1.05238,-0.41226,1.18718,4.76818
09010301,14481,8.68637,3.03405,9.84739,31.78062,-1.19383,-0.71402,0.75583,-1.63422
09010302,2891,3.51438,0.95847,2.87098,4.94118,-0.76397,-0.38174,-0.48289,-1.70965
09010401,7795,7.27924,2.5537,6.86337,24.21875,0.1311,-0.25626,0.5857,0.93567
09010402,10573,6.16392,2.34556,7.21649,14.75635,-0.71747,0.11798,0.52708,-0.57367
09020501,5693,14.33526,5.7341,18.33831,48.70041,-2.25182,-0.64941,-1.50523,-6.1383
09020502,13814,10.32564,3.83347,14.355,36.45598,-1.16339,-0.63141,0.582,-0.38937
09020601,7169,9.27794,3.44214,11.75896,35.87786,-1.21812,-0.53913,0.34937,-3.21054
09020602,3431,5.98377,1.87627,6.35383,20.89136,-0.84821,-0.35045,0.42384,-1.76057
09020701,241,0,0,0,0,0,0,0,0
09020702,15282,8.30133,3.04284,8.44785,22.142,-0.8478,-0.39317,0.44998,-0.3644
09020801,2792,6.55136,2.4109,7.98711,17.1875,-1.42508,-0.64049,-0.52898,-4.29137
09020802,7100,12.65086,4.89224,19.29577,55.12367,-0.8077,0.11876,2.01397,0.72695
09030901,12211,3.92508,1.08566,3.18565,8.71189,0.10169,-0.16002,0.13293,-0.0125
09030902,5778,15.311,6.47192,22.37799,57.4136,-0.04586,0.05605,-0.39499,-2.13947
09030903,7742,6.19971,2.15801,10.33325,21.97885,-0.94705,-0.66068,-0.93292,-3.61462
09031001,12023,4.57071,1.30051,5.215,15.01754,-0.44978,-0.47972,0.26902,0.66076
09031101,5563,5.36513,1.81818,3.70304,9.93031,0.66506,0.33395,-0.2283,-1.0963
09031201,1753,3.82409,1.14723,1.02681,0.95694,0.71382,0.20472,-0.45214,-1.26528
09031202,2288,3.3761,1.41796,1.61713,2.99625,-0.72715,0.5576,-0.55301,-0.79685
09041301,13815,7.72892,2.76838,6.84039,20.57292,-0.08648,0.03919,0.38831,-1.30485
09041302,1784,2.43902,0.52265,1.34529,3.15315,-0.81162,-1.10267,0.2506,1.87656
09041401,4587,5.55024,2.20096,6.75823,21.37592,-1.76462,-0.93398,-0.72183,-8.77483
09041402,1520,5.16529,1.65289,6.31579,19.66292,-0.37907,-0.76646,-1.11059,-1.76565
09041501,6950,10.38492,3.88933,14.97842,37.23106,-0.39103,-0.06323,-0.29834,-2.74949
09041601,6540,3.98056,1.15714,2.4159,4.64789,-0.21269,-0.14186,-0.31896,-0.83359
09051701,3439,5.43183,1.41228,3.66386,7.11974,0.2967,-0.31745,-0.70632,-2.34398
09051702,13999,4.9345,1.66603,4.05029,8.03419,-0.1937,-0.2507,0.05944,-1.51264
09051801,8956,3.55348,0.95118,2.38946,5.51471,0.31024,-0.29206,-0.07731,0.43808
09051901,9434,7.21531,2.69961,8.08777,20.07505,-1.3872,-0.4301,-0.46572,-5.6646
09052001,12282,6.17266,2.40288,4.64908,12.85598,-0.48166,-0.2902,-0.38328,0.0691
10010101,5560,14.5559,5.4824,27.10432,62.14689,-1.96584,0.40994,-0.03854,-5.40507
10010102,17233,15.12503,5.47058,28.12627,65.49344,-0.63672,0.37334,-0.09517,-2.07218
10010203,656,0,0,0,0,0,0,0,0
10010204,10065,14.04785,5.61075,24.04372,58.37104,-0.24974,0.70634,-0.9214,-4.90389
10010205,7840,13.21208,4.75292,22.11735,54.37158,-1.23198,0.02483,1.43271,-3.09595
10010206,16322,11.42141,4.27855,17.41821,51.23018,-1.04783,0.07657,0.54297,-2.32551
10010207,10498,11.57388,4.34906,18.90836,54.46686,-1.4005,0.0745,-0.01798,-2.78277
10010308,1693,6.20087,2.27074,4.84347,10.44776,-1.71024,-0.39592,1.03913,-1.67345
10010309,14340,10.75104,3.99606,15.57183,48.11019,-0.71779,0.28874,-0.73145,-4.75085
10010310,17293,9.46966,3.42852,14.16758,42.89941,-0.57806,0.28381,0.66389,-0.77562
10010311,2957,4.96652,1.84152,7.64288,19.85112,-0.41607,0.10009,-1.0615,-8.17919
10020412,6333,18.17563,6.26276,33.68072,67.01337,-0.13965,0.10151,0.89046,-4.54218
10020413,14708,12.98749,4.40223,20.77101,55.55556,-0.59937,-0.07664,0.59249,-1.80547
10020414,1639,10.99567,4.329,26.78462,65.9176,-4.31406,-1.15772,-3.84,-4.51429
10020415,5205,17.58847,6.44823,29.74063,71.42857,-0.47831,0.417,2.47699,2.42195
10020416,5268,17.58048,6.8662,26.29081,59.97831,0.93166,1.96791,-0.70007,-0.57658
10020517,8781,7.74213,2.8686,11.84375,38.0744,-1.02099,0.14534,0.83185,2.14261
10020518,4975,11.98564,4.17012,19.37688,45.31616,-1.53107,0.23637,0.06684,-4.35095
10020519,4923,18.40456,7.26496,31.60674,71.76471,-0.92978,0.97146,-0.3286,-5.63428
10020620,3301,12.58529,4.89007,17.29779,51.6129,0.50877,1.02399,1.1365,1.02002
10020621,5827,12.6995,4.08117,21.45186,50.61453,-1.20111,-0.09136,-0.56434,-4.07297
10020622,8728,9.20034,3.28461,14.4363,44.56311,-1.40914,-0.13612,0.18274,-1.80561
10020623,6612,8.32962,2.85078,11.43376,32.98663,-0.64222,0.07846,-0.64913,-3.44997
10030724,7832,2.94118,0.96189,1.27681,3.05677,0.11477,0.03192,0.1067,0.52111
10030725,5863,9.58435,3.49633,11.47877,23.16176,-0.28145,0.04206,-0.59651,-5.2406
10030726,2674,3.59035,1.17716,1.75767,3.59477,0.05807,-0.16267,-0.72558,-3.97495
10030727,8965,2.83927,0.88226,1.17122,2.31696,-0.3283,-0.03683,-0.08081,-0.03238
10040828,7685,5.02884,1.82048,5.86858,18.59724,-0.60042,-0.00814,-0.00298,0.11539
10040829,3582,3.91753,1.27835,2.76382,3.9627,-0.89531,-0.07912,-0.52217,-2.44462
10040830,7444,3.14157,1.02101,1.6792,3.29545,-0.26071,0.11245,-0.40022,-1.84194
10040931,8925,3.33386,1.11653,1.90476,2.95983,-0.38963,0.07961,-0.28394,-2.39731
10040932,3869,3.59416,1.0483,3.07573,5.74713,-0.20939,-0.31803,0.16815,1.68985
10040933,14283,3.24187,1.06707,1.91836,3.79669,-0.17415,0.04023,0.30045,0.85552
11010101,473,4.45104,0,4.65116,10.34483,-4.2316,-1.79641,-1.90621,-7.11549
11010102,2485,2.81843,1.13821,1.97183,5.37634,-1.20361,-0.2943,-0.64683,-2.17083
11010103,1284,4.11647,1.30522,3.58255,7.92683,-0.27225,-0.05319,0.86651,-0.23644
11010204,8497,13.83638,4.76569,23.4318,56.04076,-1.47866,-0.61485,1.53131,-0.44595
11010205,6581,13.74897,4.7275,20.66555,54.61294,-0.45185,0.05537,0.94316,1.21381
11010206,5786,10.83172,3.67505,17.50778,49.17355,-1.43576,-0.37487,0.32829,-1.82076
11010207,6575,11.61595,3.77197,18.327,49.13495,-1.45383,-0.74305,2.1029,3.189
11010308,11116,12.23919,4.41476,18.06405,53.63901,-1.49268,-0.36263,1.28625,1.82434
11010309,9521,13.60153,4.74506,20.97469,53.26774,-0.81197,-0.5067,1.09171,-0.98911
11010310,5253,9.99215,3.16505,11.74567,42.02335,-1.29407,-0.54618,0.13142,-2.62686
11020411,7426,5.42499,1.64512,6.04632,19.7775,-0.95509,-0.18331,0.89099,1.1091
11020412,6083,8.38875,3.17136,13.38156,34.2556,-1.04186,-0.38736,1.28599,-2.18276
11020513,3420,2.94643,0.66964,2.16374,4.80167,-0.69872,-0.25262,-0.32588,-2.34119
11020514,8103,7.72315,2.37099,9.08306,23.79386,-1.48785,-0.79586,0.61505,2.3836
11020515,14188,9.84725,3.37992,13.93431,40.80044,-1.8881,-0.78494,0.77585,-0.82052
11020516,3751,2.89017,0.69364,3.83898,9.74478,-1.69948,-0.70659,-0.72983,-3.60473
11030617,6021,13.89287,4.66915,17.87079,63.72093,-0.4651,0.03302,0.97946,5.83449
11030618,15610,9.38474,3.24257,11.37732,36.64318,-0.62051,-0.53696,0.11503,-2.65752
11030619,10258,11.78934,3.91367,16.4457,48.52071,-1.51538,-0.49372,1.46133,-1.28661
11030720,3697,6.93481,2.28849,10.87368,32.22506,-2.83556,-0.14285,-0.91022,-14.75769
11030721,20701,9.48395,3.30192,10.40046,27.26852,-1.64338,-0.69447,-0.23309,-3.92367
11030824,9814,9.49555,3.40465,14.89709,46.98795,-1.76643,-0.46116,-0.78293,-3.09665
11040925,3392,8.14815,2.48148,10.79009,19.76744,-2.83119,-1.65012,1.05366,-1.55331
11040926,26348,10.0455,3.48332,12.24381,33.12347,-2.38857,-0.86156,-0.03159,-2.1038
11041022,4929,14.11883,4.70628,12.61919,44.15584,-0.87939,-0.10313,-0.14587,-6.44657
11041023,5781,11.81226,4.2764,18.5608,50.70968,-2.03023,-0.47035,1.20529,1.95476
11041027,2713,13.56027,5.35714,16.62366,45.83333,-0.59286,0.48475,-0.06245,-5.34512
11041128,24411,9.19785,3.13948,11.08517,41.25054,-1.36687,-0.54678,-0.13565,-1.52875
11051229,3305,5.4473,1.77148,3.84266,4.2879,-0.2175,-0.38208,-0.02348,-0.76828
11051330,7967,4.93365,1.53113,5.2843,10.82737,-1.03948,-0.4115,-0.42999,-2.82809
11051331,9266,4.91471,1.43557,3.77725,6.31333,-0.8066,-0.38963,-0.21238,-0.45794
11051332,5750,3.81842,1.1215,3.75652,5.81093,-0.99564,-0.75224,-0.33052,-0.46522
12103115,7374,12.93275,3.76045,22.99973,57.36264,-1.52758,-0.42435,1.64186,2.67699
12103116,9012,11.51949,3.69133,21.78207,52.93675,-1.54802,-0.53048,0.22366,-2.47827
12103117,9629,13.18599,4.17982,24.17697,59.18069,-0.10118,-0.07207,0.4377,1.00608
12103218,12775,10.56728,2.92487,20,55.48071,-0.93376,-0.51066,0.1977,0.94095
12103219,8389,11.48059,3.43675,19.9547,59.38776,-1.35791,-0.53754,1.06252,-0.26742
12103220,4541,9.37185,2.82163,12.46421,32.32558,-0.51147,0.11058,-0.22928,-0.54479
12214125,7089,5.36585,1.34146,6.39018,17.80822,0.86765,0.002,0.4606,0.55717
12214126,7506,11.18601,3.8972,19.14468,49.31794,-0.34919,0.10161,-1.24196,-3.36446
12214421,2456,9.90279,2.55164,15.9202,39.08795,-2.30318,-0.81772,-0.61892,-6.00296
12214422,7522,13.32809,3.99056,27.50598,67.82609,-0.98943,-0.70772,0.0616,1.12833
12214423,5506,10.2587,2.79512,14.09372,43.84236,0.36726,-0.06977,-0.85244,-6.15764
12214424,9736,12.15743,3.83382,22.58628,60.06415,-0.8914,0.04396,0.02876,-0.79055
12214527,10064,5.61635,1.86675,6.92568,16.6309,-0.44039,-0.17341,-0.3804,-3.07091
12214528,205,0,0,0,0,0,0,0,0
12224229,5972,3.61786,1.18711,1.90891,5.08021,0.58068,0.19364,-0.43137,-0.67821
12224230,17707,3.1479,0.75984,2.53572,5.55556,-0.10348,-0.16784,-0.05645,0.12569
12231101,16167,3.14919,1.17179,2.52984,4.21,-0.31895,0.18383,0.05911,-0.5217
12231102,16633,2.6528,0.68973,1.94793,3.38983,0.14723,-0.11715,0.16103,0.39405
12301203,13554,8.19061,2.60981,11.09636,31.69751,0.1259,-0.14282,0.51378,2.69352
12301204,6180,4.22028,1.158,5.59871,14.19355,-0.00435,-0.10423,0.40348,2.00762
12301205,4794,4.84685,1.17805,4.75594,9.16399,0.14798,-0.14557,0.21049,0.04237
12301206,4806,4.15007,1.06242,3.26675,4.93197,0.45726,-0.31013,-0.50956,-1.44387
12302107,2917,4.53552,1.69399,5.34796,14.49704,-0.71073,0.14153,0.1192,1.42713
12302108,13392,12.82254,4.01527,27.68817,70.4661,0.57472,0.12356,2.18177,3.71172
12302109,10296,14.8775,4.43262,34.16861,73.1409,-0.32423,-0.46651,-2.11477,-4.24372
12302110,9273,12.31769,3.53189,29.39717,64.77922,-1.27029,-0.516,0.53084,-0.5119
12302211,3249,7.26089,2.2033,6.77131,20.08032,0.55611,-0.2915,0.63865,2.40791
12302212,5217,12.1875,3,26.77784,60.06637,1.41672,-0.43319,3.49157,9.81256
12304313,6379,8.61909,3.03522,11.50651,27.21311,-0.28374,-0.24233,0.77696,0.09165
12304314,9547,6.83617,2.20576,7.41594,20.54484,0.14125,0.18881,-0.52188,0.85897
